run_id,variant,task_name,m,dtype,seed,adam_steps_config,lbfgs_steps_config,resample_every,lbfgs_lr,n_collocation,hard_bc,bc_weight,final_loss,final_l2_error,best_l2_error,best_step,l2_ratio,time_sec,log_dir
1,base_2k,helmholtz1d,8,fp32,0,2000,1500,0,0.1,5000,False,1.0,3.2332320643035928e-06,0.012068157084286213,0.008042032830417156,3300,1.5006351427267444,74.83208966255188,/kaggle/working/runs/overnight_r001_m8_base_2k_fp32_s0
2,base_2k,helmholtz1d,8,fp32,1,2000,1500,0,0.1,5000,False,1.0,1.0291999387845863e-05,0.0025971271097660065,0.0025971271097660065,3500,1.0,66.4376769065857,/kaggle/working/runs/overnight_r002_m8_base_2k_fp32_s1
3,base_2k,helmholtz1d,8,fp64,0,2000,1500,0,0.1,5000,False,1.0,0.2138212678878202,1.8400437865217492,0.9997622799937325,100,1.8404813057492873,186.95729279518127,/kaggle/working/runs/overnight_r003_m8_base_2k_fp64_s0
4,base_2k,helmholtz1d,8,fp64,1,2000,1500,0,0.1,5000,False,1.0,2.4208301553753554e-06,0.0018673380612527339,0.001331633562428918,3000,1.4022912263090483,205.3513481616974,/kaggle/working/runs/overnight_r004_m8_base_2k_fp64_s1
5,resample_2k,helmholtz1d,8,fp32,0,2000,1500,200,0.1,5000,False,1.0,0.3252286911010742,1.1427216529846191,0.997715950012207,1600,1.1453376614562871,46.01609134674072,/kaggle/working/runs/overnight_r005_m8_resample_2k_fp32_s0
6,resample_2k,helmholtz1d,8,fp32,1,2000,1500,200,0.1,5000,False,1.0,2.2383198938769056e-06,0.0021392686758190393,0.001877548056654632,3300,1.1393948976361938,66.68256115913391,/kaggle/working/runs/overnight_r006_m8_resample_2k_fp32_s1
7,resample_2k,helmholtz1d,8,fp64,0,2000,1500,200,0.1,5000,False,1.0,0.23622469861077391,1.3828068535148959,0.9270554297052566,1400,1.491611838090996,186.42975902557373,/kaggle/working/runs/overnight_r007_m8_resample_2k_fp64_s0
8,resample_2k,helmholtz1d,8,fp64,1,2000,1500,200,0.1,5000,False,1.0,0.3149014105438694,1.141842731384254,1.0041296372441544,200,1.1371467279046308,186.29968667030334,/kaggle/working/runs/overnight_r008_m8_resample_2k_fp64_s1
9,resample_5k,helmholtz1d,8,fp32,0,5000,1500,200,0.1,5000,False,1.0,0.0010875480948016047,2.4742441177368164,0.8229723572731018,3500,3.006472934200563,71.7857038974762,/kaggle/working/runs/overnight_r009_m8_resample_5k_fp32_s0
10,resample_5k,helmholtz1d,8,fp32,1,5000,1500,200,0.1,5000,False,1.0,1.4606625882152002e-05,0.016313130035996437,0.016313130035996437,5500,1.0,92.60708165168762,/kaggle/working/runs/overnight_r010_m8_resample_5k_fp32_s1
11,resample_5k,helmholtz1d,8,fp64,0,5000,1500,200,0.1,5000,False,1.0,0.00023297562641035443,1.0901146465550076,0.8333270916880886,3200,1.3081473738562115,298.8811297416687,/kaggle/working/runs/overnight_r011_m8_resample_5k_fp64_s0
12,resample_5k,helmholtz1d,8,fp64,1,5000,1500,200,0.1,5000,False,1.0,0.0005385502376464534,1.9369559290459486,0.8380746787159169,2800,2.311197293317247,298.9979169368744,/kaggle/working/runs/overnight_r012_m8_resample_5k_fp64_s1
13,soft_lbfgs,helmholtz1d,8,fp32,0,5000,1500,200,0.03,5000,False,1.0,0.0010875480948016047,2.4742441177368164,0.8229723572731018,3500,3.006472934200563,74.06756567955017,/kaggle/working/runs/overnight_r013_m8_soft_lbfgs_fp32_s0
14,soft_lbfgs,helmholtz1d,8,fp32,1,5000,1500,200,0.03,5000,False,1.0,3.3410865398764145e-06,0.010873809456825256,0.00564082944765687,6000,1.9276969030400486,94.84017825126648,/kaggle/working/runs/overnight_r014_m8_soft_lbfgs_fp32_s1
15,soft_lbfgs,helmholtz1d,8,fp64,0,5000,1500,200,0.03,5000,False,1.0,0.00023297562641035443,1.0901146465550076,0.8333270916880886,3200,1.3081473738562115,299.59818291664124,/kaggle/working/runs/overnight_r015_m8_soft_lbfgs_fp64_s0
16,soft_lbfgs,helmholtz1d,8,fp64,1,5000,1500,200,0.03,5000,False,1.0,0.0005385502376464534,1.9369559290459486,0.8380746787159169,2800,2.311197293317247,300.56510162353516,/kaggle/working/runs/overnight_r016_m8_soft_lbfgs_fp64_s1
17,softer_lbfgs,helmholtz1d,8,fp32,0,5000,1500,200,0.01,5000,False,1.0,0.0010875480948016047,2.4742441177368164,0.8229723572731018,3500,3.006472934200563,79.57745265960693,/kaggle/working/runs/overnight_r017_m8_softer_lbfgs_fp32_s0
18,softer_lbfgs,helmholtz1d,8,fp32,1,5000,1500,200,0.01,5000,False,1.0,7.0102382778713945e-06,0.010754051618278027,0.010754051618278027,6500,1.0,100.64205622673035,/kaggle/working/runs/overnight_r018_m8_softer_lbfgs_fp32_s1
19,softer_lbfgs,helmholtz1d,8,fp64,0,5000,1500,200,0.01,5000,False,1.0,0.00023297562641035443,1.0901146465550076,0.8333270916880886,3200,1.3081473738562115,300.0806374549866,/kaggle/working/runs/overnight_r019_m8_softer_lbfgs_fp64_s0
20,softer_lbfgs,helmholtz1d,8,fp64,1,5000,1500,200,0.01,5000,False,1.0,0.0005283205369004862,1.9365540211792955,0.8380746787159169,2800,2.3107177323940262,298.31685733795166,/kaggle/working/runs/overnight_r020_m8_softer_lbfgs_fp64_s1
21,adam_only,helmholtz1d,8,fp32,0,10000,0,200,0.03,5000,False,1.0,2.959649464173708e-05,0.43642210960388184,0.30613407492637634,9300,1.4255914167961834,87.73394465446472,/kaggle/working/runs/overnight_r021_m8_adam_only_fp32_s0
22,adam_only,helmholtz1d,8,fp32,1,10000,0,200,0.03,5000,False,1.0,1.8874956367653795e-05,0.30633434653282166,0.1933128833770752,9700,1.5846556172631667,87.61655282974243,/kaggle/working/runs/overnight_r022_m8_adam_only_fp32_s1
23,adam_only,helmholtz1d,8,fp64,0,10000,0,200,0.03,5000,False,1.0,9.01458884823825e-06,0.17527748757229158,0.14590996191387634,9100,1.201271560030627,371.01694560050964,/kaggle/working/runs/overnight_r023_m8_adam_only_fp64_s0
24,adam_only,helmholtz1d,8,fp64,1,10000,0,200,0.03,5000,False,1.0,0.0006371322810485996,0.32434131902644886,0.2153487250776384,9700,1.506121380145232,371.2049810886383,/kaggle/working/runs/overnight_r024_m8_adam_only_fp64_s1
25,resample_100_soft,helmholtz1d,8,fp32,0,5000,1500,100,0.03,5000,False,1.0,3.5903567550121807e-06,0.0031260228715837,0.0031260228715837,6100,1.0,95.20470190048218,/kaggle/working/runs/overnight_r025_m8_resample_100_soft_fp32_s0
26,resample_100_soft,helmholtz1d,8,fp32,1,5000,1500,100,0.03,5000,False,1.0,0.00021538118016906083,1.1563693284988403,0.9653602838516235,3100,1.1978629614687721,73.62796258926392,/kaggle/working/runs/overnight_r026_m8_resample_100_soft_fp32_s1
27,resample_100_soft,helmholtz1d,8,fp64,0,5000,1500,100,0.03,5000,False,1.0,3.948393277256717e-06,0.0035948160413588827,0.002518884204677289,6200,1.42714620810425,317.22366857528687,/kaggle/working/runs/overnight_r027_m8_resample_100_soft_fp64_s0
28,resample_100_soft,helmholtz1d,8,fp64,1,5000,1500,100,0.03,5000,False,1.0,0.0002625885715670393,1.2074953250370923,0.7105600221579664,3300,1.699357249750607,298.99615263938904,/kaggle/working/runs/overnight_r028_m8_resample_100_soft_fp64_s1
29,more_points_soft,helmholtz1d,8,fp32,0,5000,1000,200,0.03,10000,False,1.0,1.3884848158340901e-05,0.042138513177633286,0.015338431112468243,5400,2.7472505413790267,108.6827609539032,/kaggle/working/runs/overnight_r029_m8_more_points_soft_fp32_s0
30,more_points_soft,helmholtz1d,8,fp32,1,5000,1000,200,0.03,10000,False,1.0,3.078212102991529e-06,0.006708366330713034,0.0030395030044019222,5600,2.207060273010991,109.4965307712555,/kaggle/working/runs/overnight_r030_m8_more_points_soft_fp32_s1
31,more_points_soft,helmholtz1d,8,fp64,0,5000,1000,200,0.03,10000,False,1.0,1.5286776513871913e-05,0.04323382884373471,0.039996222407582,5400,1.0809478055992348,520.985524892807,/kaggle/working/runs/overnight_r031_m8_more_points_soft_fp64_s0
32,more_points_soft,helmholtz1d,8,fp64,1,5000,1000,200,0.03,10000,False,1.0,7.172870186547397e-06,0.007903337591080846,0.007903337591080846,5800,1.0,521.1709520816803,/kaggle/working/runs/overnight_r032_m8_more_points_soft_fp64_s1
33,base_2k,helmholtz1d,9,fp32,0,2000,1500,0,0.1,5000,False,1.0,0.004228903912007809,6.16108512878418,0.9996959567070007,100,6.162958935113431,68.42951846122742,/kaggle/working/runs/overnight_r033_m9_base_2k_fp32_s0
34,base_2k,helmholtz1d,9,fp32,1,2000,1500,0,0.1,5000,False,1.0,3.671833110274747e-05,0.00758560374379158,0.00758560374379158,3400,1.0,69.48082661628723,/kaggle/working/runs/overnight_r034_m9_base_2k_fp32_s1
35,base_2k,helmholtz1d,9,fp64,0,2000,1500,0,0.1,5000,False,1.0,0.24218075750832374,1.9017532793005028,1.00001549583841,200,1.9017238104956349,187.44782829284668,/kaggle/working/runs/overnight_r035_m9_base_2k_fp64_s0
36,base_2k,helmholtz1d,9,fp64,1,2000,1500,0,0.1,5000,False,1.0,2.4672010610856252e-05,0.1563372631704687,0.1563372631704687,3500,1.0,207.23665356636047,/kaggle/working/runs/overnight_r036_m9_base_2k_fp64_s1
37,resample_2k,helmholtz1d,9,fp32,0,2000,1500,200,0.1,5000,False,1.0,0.4736327528953552,1.0826159715652466,0.9996959567070007,100,1.082945233800269,46.87364959716797,/kaggle/working/runs/overnight_r037_m9_resample_2k_fp32_s0
38,resample_2k,helmholtz1d,9,fp32,1,2000,1500,200,0.1,5000,False,1.0,0.00015533760597463697,0.8205289840698242,0.8205289840698242,3500,1.0,68.48916363716125,/kaggle/working/runs/overnight_r038_m9_resample_2k_fp32_s1
39,resample_2k,helmholtz1d,9,fp64,0,2000,1500,200,0.1,5000,False,1.0,0.24217035769485545,1.6225472182533676,1.00001549583841,200,1.6225220759134626,187.48697876930237,/kaggle/working/runs/overnight_r039_m9_resample_2k_fp64_s0
40,resample_2k,helmholtz1d,9,fp64,1,2000,1500,200,0.1,5000,False,1.0,2.781192945792915e-06,0.00211962207410095,0.00211962207410095,3500,1.0,207.14647698402405,/kaggle/working/runs/overnight_r040_m9_resample_2k_fp64_s1
41,resample_5k,helmholtz1d,9,fp32,0,5000,1500,200,0.1,5000,False,1.0,0.006811899598687887,4.570780277252197,0.6839715838432312,4700,6.682704932811707,74.32162642478943,/kaggle/working/runs/overnight_r041_m9_resample_5k_fp32_s0
42,resample_5k,helmholtz1d,9,fp32,1,5000,1500,200,0.1,5000,False,1.0,0.05494514852762222,0.6435003876686096,0.6435003876686096,5000,1.0,74.49358487129211,/kaggle/working/runs/overnight_r042_m9_resample_5k_fp32_s1
43,resample_5k,helmholtz1d,9,fp64,0,5000,1500,200,0.1,5000,False,1.0,0.0014417716805372794,4.156819996226934,0.6353126044504966,3600,6.542952189375038,298.757976770401,/kaggle/working/runs/overnight_r043_m9_resample_5k_fp64_s0
44,resample_5k,helmholtz1d,9,fp64,1,5000,1500,200,0.1,5000,False,1.0,0.06202277967092779,3.0711746223884324,0.9121917404924468,3800,3.366808189614235,299.0244171619415,/kaggle/working/runs/overnight_r044_m9_resample_5k_fp64_s1
45,soft_lbfgs,helmholtz1d,9,fp32,0,5000,1500,200,0.03,5000,False,1.0,5.205502475291723e-06,0.012747691944241524,0.012747691944241524,6000,1.0,95.7268614768982,/kaggle/working/runs/overnight_r045_m9_soft_lbfgs_fp32_s0
46,soft_lbfgs,helmholtz1d,9,fp32,1,5000,1500,200,0.03,5000,False,1.0,3.6871624615741894e-06,0.0033658454194664955,0.0033658454194664955,6500,1.0,97.28532552719116,/kaggle/working/runs/overnight_r046_m9_soft_lbfgs_fp32_s1
47,soft_lbfgs,helmholtz1d,9,fp64,0,5000,1500,200,0.03,5000,False,1.0,0.0014417716805372794,4.156819996226934,0.6353126044504966,3600,6.542952189375038,299.41475915908813,/kaggle/working/runs/overnight_r047_m9_soft_lbfgs_fp64_s0
48,soft_lbfgs,helmholtz1d,9,fp64,1,5000,1500,200,0.03,5000,False,1.0,0.06202277967092779,3.0711746223884324,0.9121917404924468,3800,3.366808189614235,299.05854392051697,/kaggle/working/runs/overnight_r048_m9_soft_lbfgs_fp64_s1
49,softer_lbfgs,helmholtz1d,9,fp32,0,5000,1500,200,0.01,5000,False,1.0,6.219166152732214e-06,0.021657677367329597,0.01612040400505066,5700,1.3434947015313055,99.02439546585083,/kaggle/working/runs/overnight_r049_m9_softer_lbfgs_fp32_s0
50,softer_lbfgs,helmholtz1d,9,fp32,1,5000,1500,200,0.01,5000,False,1.0,1.9619259546743706e-05,0.021560948342084885,0.021560948342084885,6500,1.0,98.67472219467163,/kaggle/working/runs/overnight_r050_m9_softer_lbfgs_fp32_s1
51,softer_lbfgs,helmholtz1d,9,fp64,0,5000,1500,200,0.01,5000,False,1.0,0.0014417716805372794,4.156819996226934,0.6353126044504966,3600,6.542952189375038,300.6068608760834,/kaggle/working/runs/overnight_r051_m9_softer_lbfgs_fp64_s0
52,softer_lbfgs,helmholtz1d,9,fp64,1,5000,1500,200,0.01,5000,False,1.0,3.669880830247449e-05,0.054865471137651764,0.0289336993317112,6400,1.896248056933372,319.6294672489166,/kaggle/working/runs/overnight_r052_m9_softer_lbfgs_fp64_s1
53,adam_only,helmholtz1d,9,fp32,0,10000,0,200,0.03,5000,False,1.0,4.742796954815276e-05,0.7741802930831909,0.5772601962089539,9800,1.3411288326606827,91.40557956695557,/kaggle/working/runs/overnight_r053_m9_adam_only_fp32_s0
54,adam_only,helmholtz1d,9,fp32,1,10000,0,200,0.03,5000,False,1.0,4.207579331705347e-05,0.6866531372070312,0.6435003876686096,5000,1.067059399443042,90.91020727157593,/kaggle/working/runs/overnight_r054_m9_adam_only_fp32_s1
55,adam_only,helmholtz1d,9,fp64,0,10000,0,200,0.03,5000,False,1.0,1.7346076515129925e-05,0.4588085365146782,0.3718786383536135,9400,1.23375878363415,373.1569244861603,/kaggle/working/runs/overnight_r055_m9_adam_only_fp64_s0
56,adam_only,helmholtz1d,9,fp64,1,10000,0,200,0.03,5000,False,1.0,7.143592835389304e-05,0.9683161111806229,0.6332302040200859,9900,1.5291691789703514,372.0667715072632,/kaggle/working/runs/overnight_r056_m9_adam_only_fp64_s1
57,resample_100_soft,helmholtz1d,9,fp32,0,5000,1500,100,0.03,5000,False,1.0,0.0029785693623125553,4.969043731689453,0.7737687826156616,4200,6.421871550428812,73.82931613922119,/kaggle/working/runs/overnight_r057_m9_resample_100_soft_fp32_s0
58,resample_100_soft,helmholtz1d,9,fp32,1,5000,1500,100,0.03,5000,False,1.0,0.0691278725862503,1.4011738300323486,0.9596766829490662,3600,1.460047800397287,73.87414026260376,/kaggle/working/runs/overnight_r058_m9_resample_100_soft_fp32_s1
59,resample_100_soft,helmholtz1d,9,fp64,0,5000,1500,100,0.03,5000,False,1.0,0.0014517042491159243,4.123975966489942,0.7436987930677257,3600,5.545223422346456,298.88432574272156,/kaggle/working/runs/overnight_r059_m9_resample_100_soft_fp64_s0
60,resample_100_soft,helmholtz1d,9,fp64,1,5000,1500,100,0.03,5000,False,1.0,5.72627325282734e-06,0.03319250895902854,0.027685511852304424,5800,1.1989125986220746,319.73271584510803,/kaggle/working/runs/overnight_r060_m9_resample_100_soft_fp64_s1
61,more_points_soft,helmholtz1d,9,fp32,0,5000,1000,200,0.03,10000,False,1.0,5.626692654914223e-06,0.001650310237891972,0.001650310237891972,6000,1.0,110.46640133857727,/kaggle/working/runs/overnight_r061_m9_more_points_soft_fp32_s0
62,more_points_soft,helmholtz1d,9,fp32,1,5000,1000,200,0.03,10000,False,1.0,0.004209151025861502,5.720508098602295,0.6416364908218384,3900,8.915496827923857,95.93834710121155,/kaggle/working/runs/overnight_r062_m9_more_points_soft_fp32_s1
63,more_points_soft,helmholtz1d,9,fp64,0,5000,1000,200,0.03,10000,False,1.0,7.166507188072259e-06,0.06935418117614517,0.0033133436255883193,5700,20.931780404705414,521.8208248615265,/kaggle/working/runs/overnight_r063_m9_more_points_soft_fp64_s0
64,more_points_soft,helmholtz1d,9,fp64,1,5000,1000,200,0.03,10000,False,1.0,0.010362515080966023,3.5208223786833424,0.5932518206512792,4600,5.934785627489756,509.011177778244,/kaggle/working/runs/overnight_r064_m9_more_points_soft_fp64_s1
65,base_2k,helmholtz1d,10,fp32,0,2000,1500,0,0.1,5000,False,1.0,0.45301181077957153,1.264387607574463,1.0000450611114502,500,1.26433063543079,73.28624844551086,/kaggle/working/runs/overnight_r065_m10_base_2k_fp32_s0
66,base_2k,helmholtz1d,10,fp32,1,2000,1500,0,0.1,5000,False,1.0,0.47211354970932007,1.1115736961364746,0.9999876618385315,300,1.111587411081439,49.07526135444641,/kaggle/working/runs/overnight_r066_m10_base_2k_fp32_s1
67,base_2k,helmholtz1d,10,fp64,0,2000,1500,0,0.1,5000,False,1.0,0.3382310608652829,1.2556127142120903,0.9737688172987262,1700,1.2894361494293998,187.98832893371582,/kaggle/working/runs/overnight_r067_m10_base_2k_fp64_s0
68,base_2k,helmholtz1d,10,fp64,1,2000,1500,0,0.1,5000,False,1.0,0.5042370544650832,1.0041281942813411,1.0038609526900264,900,1.0002662137526104,187.50495982170105,/kaggle/working/runs/overnight_r068_m10_base_2k_fp64_s1
69,resample_2k,helmholtz1d,10,fp32,0,2000,1500,200,0.1,5000,False,1.0,0.011191490106284618,9.174257278442383,0.9260425567626953,2600,9.906949968383957,71.54092764854431,/kaggle/working/runs/overnight_r069_m10_resample_2k_fp32_s0
70,resample_2k,helmholtz1d,10,fp32,1,2000,1500,200,0.1,5000,False,1.0,6.459535507019609e-05,0.5031043291091919,0.5031043291091919,3500,1.0,70.04155707359314,/kaggle/working/runs/overnight_r070_m10_resample_2k_fp32_s1
71,resample_2k,helmholtz1d,10,fp64,0,2000,1500,200,0.1,5000,False,1.0,0.051695108221622356,6.568228598128612,0.9640224278720806,1400,6.813356627632498,206.74586725234985,/kaggle/working/runs/overnight_r071_m10_resample_2k_fp64_s0
72,resample_2k,helmholtz1d,10,fp64,1,2000,1500,200,0.1,5000,False,1.0,0.49737181836854505,1.0760446586345296,1.0043396010111931,400,1.0713952308075296,186.69948053359985,/kaggle/working/runs/overnight_r072_m10_resample_2k_fp64_s1
73,resample_5k,helmholtz1d,10,fp32,0,5000,1500,200,0.1,5000,False,1.0,0.10738503187894821,1.95708429813385,0.8018308877944946,4500,2.440769404028548,73.58309578895569,/kaggle/working/runs/overnight_r073_m10_resample_5k_fp32_s0
74,resample_5k,helmholtz1d,10,fp32,1,5000,1500,200,0.1,5000,False,1.0,0.07067050039768219,0.9771439433097839,0.8892391324043274,3900,1.0988539614397976,73.36766934394836,/kaggle/working/runs/overnight_r074_m10_resample_5k_fp32_s1
75,resample_5k,helmholtz1d,10,fp64,0,5000,1500,200,0.1,5000,False,1.0,0.10125856907687618,0.817709428273021,0.817709428273021,5000,1.0,298.3703784942627,/kaggle/working/runs/overnight_r075_m10_resample_5k_fp64_s0
76,resample_5k,helmholtz1d,10,fp64,1,5000,1500,200,0.1,5000,False,1.0,7.2876804969204666e-06,0.06379096748942276,0.03620624923017141,5700,1.761877268310478,317.5021274089813,/kaggle/working/runs/overnight_r076_m10_resample_5k_fp64_s1
77,soft_lbfgs,helmholtz1d,10,fp32,0,5000,1500,200,0.03,5000,False,1.0,4.840284964302555e-05,0.06182241439819336,0.04766320437192917,6400,1.2970679418818751,94.35523986816406,/kaggle/working/runs/overnight_r077_m10_soft_lbfgs_fp32_s0
78,soft_lbfgs,helmholtz1d,10,fp32,1,5000,1500,200,0.03,5000,False,1.0,0.07067050039768219,0.9771439433097839,0.8892391324043274,3900,1.0988539614397976,73.52356696128845,/kaggle/working/runs/overnight_r078_m10_soft_lbfgs_fp32_s1
79,soft_lbfgs,helmholtz1d,10,fp64,0,5000,1500,200,0.03,5000,False,1.0,7.116695628491924e-06,0.04444731825030154,0.04444731825030154,6500,1.0,317.29105377197266,/kaggle/working/runs/overnight_r079_m10_soft_lbfgs_fp64_s0
80,soft_lbfgs,helmholtz1d,10,fp64,1,5000,1500,200,0.03,5000,False,1.0,4.846539047457578e-06,0.03330685773947332,0.006476902982855186,6200,5.14240491599749,317.88416028022766,/kaggle/working/runs/overnight_r080_m10_soft_lbfgs_fp64_s1
81,softer_lbfgs,helmholtz1d,10,fp32,0,5000,1500,200,0.01,5000,False,1.0,0.0003536650910973549,2.150270462036133,0.8018308877944946,4500,2.6817007111694564,96.63248920440674,/kaggle/working/runs/overnight_r081_m10_softer_lbfgs_fp32_s0
82,softer_lbfgs,helmholtz1d,10,fp32,1,5000,1500,200,0.01,5000,False,1.0,0.07064472138881683,0.9783821105957031,0.8892391324043274,3900,1.100246351001615,74.73528051376343,/kaggle/working/runs/overnight_r082_m10_softer_lbfgs_fp32_s1
83,softer_lbfgs,helmholtz1d,10,fp64,0,5000,1500,200,0.01,5000,False,1.0,6.842382745000595e-05,0.24073347911555573,0.05373871293817627,6400,4.479703103282501,318.29856157302856,/kaggle/working/runs/overnight_r083_m10_softer_lbfgs_fp64_s0
84,softer_lbfgs,helmholtz1d,10,fp64,1,5000,1500,200,0.01,5000,False,1.0,3.001315404586726e-05,0.09357982782226983,0.09357982782226983,6500,1.0,319.18177008628845,/kaggle/working/runs/overnight_r084_m10_softer_lbfgs_fp64_s1
85,adam_only,helmholtz1d,10,fp32,0,10000,0,200,0.03,5000,False,1.0,5.7065641158260405e-05,0.8706084489822388,0.6548119783401489,5600,1.329554861212377,91.92734670639038,/kaggle/working/runs/overnight_r085_m10_adam_only_fp32_s0
86,adam_only,helmholtz1d,10,fp32,1,10000,0,200,0.03,5000,False,1.0,2.8119258786318824e-05,0.5247029066085815,0.5050587058067322,9700,1.0388948860320537,91.45751595497131,/kaggle/working/runs/overnight_r086_m10_adam_only_fp32_s1
87,adam_only,helmholtz1d,10,fp64,0,10000,0,200,0.03,5000,False,1.0,4.2712493853344666e-05,0.7628317724650034,0.6185362830621512,5300,1.233285408397543,372.581032037735,/kaggle/working/runs/overnight_r087_m10_adam_only_fp64_s0
88,adam_only,helmholtz1d,10,fp64,1,10000,0,200,0.03,5000,False,1.0,8.39413502028063e-05,1.0677306909717534,0.813956454922581,3900,1.3117786394031485,372.5444164276123,/kaggle/working/runs/overnight_r088_m10_adam_only_fp64_s1
89,resample_100_soft,helmholtz1d,10,fp32,0,5000,1500,100,0.03,5000,False,1.0,3.220906728529371e-05,0.0718475952744484,0.0718475952744484,6500,1.0,95.37219858169556,/kaggle/working/runs/overnight_r089_m10_resample_100_soft_fp32_s0
90,resample_100_soft,helmholtz1d,10,fp32,1,5000,1500,100,0.03,5000,False,1.0,9.216412763635162e-06,0.005746115930378437,0.005746115930378437,6500,1.0,94.36098980903625,/kaggle/working/runs/overnight_r090_m10_resample_100_soft_fp32_s1
91,resample_100_soft,helmholtz1d,10,fp64,0,5000,1500,100,0.03,5000,False,1.0,9.02674508130928e-06,0.05740875563327138,0.030499735020029825,6300,1.8822706359766677,317.03805112838745,/kaggle/working/runs/overnight_r091_m10_resample_100_soft_fp64_s0
92,resample_100_soft,helmholtz1d,10,fp64,1,5000,1500,100,0.03,5000,False,1.0,0.059820985675453776,1.1259841711509877,0.9143782203786253,4900,1.231420593859662,297.98834252357483,/kaggle/working/runs/overnight_r092_m10_resample_100_soft_fp64_s1
93,more_points_soft,helmholtz1d,10,fp32,0,5000,1000,200,0.03,10000,False,1.0,0.07164739817380905,0.9252485632896423,0.8750854730606079,4000,1.05732364640175,93.0705189704895,/kaggle/working/runs/overnight_r093_m10_more_points_soft_fp32_s0
94,more_points_soft,helmholtz1d,10,fp32,1,5000,1000,200,0.03,10000,False,1.0,0.00015272136079147458,1.0280530452728271,0.7046611905097961,4900,1.4589324048470287,106.39883208274841,/kaggle/working/runs/overnight_r094_m10_more_points_soft_fp32_s1
95,more_points_soft,helmholtz1d,10,fp64,0,5000,1000,200,0.03,10000,False,1.0,0.0012644260937179207,3.2761687226673715,0.8893789187132829,5000,3.6836590723414027,518.5506641864777,/kaggle/working/runs/overnight_r095_m10_more_points_soft_fp64_s0
96,more_points_soft,helmholtz1d,10,fp64,1,5000,1000,200,0.03,10000,False,1.0,0.0615745441795765,1.4308671935948358,0.858370551159921,3900,1.6669574598770855,507.0087904930115,/kaggle/working/runs/overnight_r096_m10_more_points_soft_fp64_s1
97,base_2k,helmholtz1d,11,fp32,0,2000,1500,0,0.1,5000,False,1.0,0.49999499320983887,1.0166317224502563,0.9997513890266418,100,1.0168845311033268,47.487239837646484,/kaggle/working/runs/overnight_r097_m11_base_2k_fp32_s0
98,base_2k,helmholtz1d,11,fp32,1,2000,1500,0,0.1,5000,False,1.0,0.5042700171470642,1.0239543914794922,1.000325083732605,200,1.0236216287396462,47.8520827293396,/kaggle/working/runs/overnight_r098_m11_base_2k_fp32_s1
99,base_2k,helmholtz1d,11,fp64,0,2000,1500,0,0.1,5000,False,1.0,0.0027897745024505582,8.094161303309997,0.911248342730892,2800,8.882497694374791,207.19029307365417,/kaggle/working/runs/overnight_r099_m11_base_2k_fp64_s0
100,base_2k,helmholtz1d,11,fp64,1,2000,1500,0,0.1,5000,False,1.0,0.4966610857436429,1.0451986518318876,1.0000165678089437,900,1.0451813354672101,186.57889413833618,/kaggle/working/runs/overnight_r100_m11_base_2k_fp64_s1
101,resample_2k,helmholtz1d,11,fp32,0,2000,1500,200,0.1,5000,False,1.0,0.49416667222976685,1.0004689693450928,0.9997513890266418,100,1.000717758761155,47.881505250930786,/kaggle/working/runs/overnight_r101_m11_resample_2k_fp32_s0
102,resample_2k,helmholtz1d,11,fp32,1,2000,1500,200,0.1,5000,False,1.0,0.5014714598655701,1.0355145931243896,1.000028371810913,400,1.0354852145336797,48.86043834686279,/kaggle/working/runs/overnight_r102_m11_resample_2k_fp32_s1
103,resample_2k,helmholtz1d,11,fp64,0,2000,1500,200,0.1,5000,False,1.0,0.10024015029776252,4.955729759401132,0.9703243240439257,1800,5.107292104919748,206.6353142261505,/kaggle/working/runs/overnight_r103_m11_resample_2k_fp64_s0
104,resample_2k,helmholtz1d,11,fp64,1,2000,1500,200,0.1,5000,False,1.0,0.5008861545956392,1.0006982495690442,1.0000301757530952,1200,1.0006680536569268,186.01868081092834,/kaggle/working/runs/overnight_r104_m11_resample_2k_fp64_s1
105,resample_5k,helmholtz1d,11,fp32,0,5000,1500,200,0.1,5000,False,1.0,0.18588872253894806,1.4445278644561768,0.9004508852958679,4700,1.6042272688549108,72.6035885810852,/kaggle/working/runs/overnight_r105_m11_resample_5k_fp32_s0
106,resample_5k,helmholtz1d,11,fp32,1,5000,1500,200,0.1,5000,False,1.0,0.1939702183008194,1.5217832326889038,0.8938377499580383,4500,1.7025273689328344,72.55149531364441,/kaggle/working/runs/overnight_r106_m11_resample_5k_fp32_s1
107,resample_5k,helmholtz1d,11,fp64,0,5000,1500,200,0.1,5000,False,1.0,0.14708541912847523,1.4743987455000336,0.7648315825262401,4100,1.9277430210584294,298.02775168418884,/kaggle/working/runs/overnight_r107_m11_resample_5k_fp64_s0
108,resample_5k,helmholtz1d,11,fp64,1,5000,1500,200,0.1,5000,False,1.0,0.1863530759199356,1.3998430503578059,0.9212048183489291,4600,1.5195785155213775,298.6239564418793,/kaggle/working/runs/overnight_r108_m11_resample_5k_fp64_s1
109,soft_lbfgs,helmholtz1d,11,fp32,0,5000,1500,200,0.03,5000,False,1.0,0.18588872253894806,1.4445278644561768,0.9004508852958679,4700,1.6042272688549108,75.81601095199585,/kaggle/working/runs/overnight_r109_m11_soft_lbfgs_fp32_s0
110,soft_lbfgs,helmholtz1d,11,fp32,1,5000,1500,200,0.03,5000,False,1.0,0.1939702183008194,1.5217832326889038,0.8938377499580383,4500,1.7025273689328344,75.81290769577026,/kaggle/working/runs/overnight_r110_m11_soft_lbfgs_fp32_s1
111,soft_lbfgs,helmholtz1d,11,fp64,0,5000,1500,200,0.03,5000,False,1.0,0.14708541912847523,1.4743987455000336,0.7648315825262401,4100,1.9277430210584294,299.2831666469574,/kaggle/working/runs/overnight_r111_m11_soft_lbfgs_fp64_s0
112,soft_lbfgs,helmholtz1d,11,fp64,1,5000,1500,200,0.03,5000,False,1.0,0.0031965044907024667,8.730636765130553,0.9212048183489291,4600,9.477411093852538,318.20152282714844,/kaggle/working/runs/overnight_r112_m11_soft_lbfgs_fp64_s1
113,softer_lbfgs,helmholtz1d,11,fp32,0,5000,1500,200,0.01,5000,False,1.0,0.18588793277740479,1.4446518421173096,0.9004508852958679,4700,1.604364952834301,75.03629636764526,/kaggle/working/runs/overnight_r113_m11_softer_lbfgs_fp32_s0
114,softer_lbfgs,helmholtz1d,11,fp32,1,5000,1500,200,0.01,5000,False,1.0,0.1939702183008194,1.5217832326889038,0.8938377499580383,4500,1.7025273689328344,74.79367303848267,/kaggle/working/runs/overnight_r114_m11_softer_lbfgs_fp32_s1
115,softer_lbfgs,helmholtz1d,11,fp64,0,5000,1500,200,0.01,5000,False,1.0,0.14707343141180054,1.4748108474700368,0.7648315825262401,4100,1.9282818350658768,299.1764304637909,/kaggle/working/runs/overnight_r115_m11_softer_lbfgs_fp64_s0
116,softer_lbfgs,helmholtz1d,11,fp64,1,5000,1500,200,0.01,5000,False,1.0,0.0073567774552922615,2.7533917877755356,0.9212048183489291,4600,2.988902937688088,318.8885190486908,/kaggle/working/runs/overnight_r116_m11_softer_lbfgs_fp64_s1
117,adam_only,helmholtz1d,11,fp32,0,10000,0,200,0.03,5000,False,1.0,0.00016948011761996895,2.143972873687744,0.6743218302726746,6100,3.179450490014225,91.49991202354431,/kaggle/working/runs/overnight_r117_m11_adam_only_fp32_s0
118,adam_only,helmholtz1d,11,fp32,1,10000,0,200,0.03,5000,False,1.0,0.0012556661386042833,4.916592121124268,0.7176669836044312,5700,6.850798815393506,91.33771800994873,/kaggle/working/runs/overnight_r118_m11_adam_only_fp32_s1
119,adam_only,helmholtz1d,11,fp64,0,10000,0,200,0.03,5000,False,1.0,0.00022893551364063013,2.1003210329375728,0.7648315825262401,4100,2.746122258707216,372.0655333995819,/kaggle/working/runs/overnight_r119_m11_adam_only_fp64_s0
120,adam_only,helmholtz1d,11,fp64,1,10000,0,200,0.03,5000,False,1.0,0.00011338825258860827,1.8327945232864116,0.5641369806375404,6500,3.248846620930861,372.0830945968628,/kaggle/working/runs/overnight_r120_m11_adam_only_fp64_s1
121,resample_100_soft,helmholtz1d,11,fp32,0,5000,1500,100,0.03,5000,False,1.0,2.61896348092705e-05,0.28633782267570496,0.28633782267570496,6500,1.0,97.04435777664185,/kaggle/working/runs/overnight_r121_m11_resample_100_soft_fp32_s0
122,resample_100_soft,helmholtz1d,11,fp32,1,5000,1500,100,0.03,5000,False,1.0,0.19355112314224243,1.5058889389038086,0.9527584910392761,2800,1.580556828479349,74.57605957984924,/kaggle/working/runs/overnight_r122_m11_resample_100_soft_fp32_s1
123,resample_100_soft,helmholtz1d,11,fp64,0,5000,1500,100,0.03,5000,False,1.0,0.1482422904140089,1.1238021147692228,0.9573950191281316,3800,1.1738123682663741,299.3324062824249,/kaggle/working/runs/overnight_r123_m11_resample_100_soft_fp64_s0
124,resample_100_soft,helmholtz1d,11,fp64,1,5000,1500,100,0.03,5000,False,1.0,0.0025167772567951745,7.064749786611305,0.8842450899711777,4200,7.989583280402024,318.53078722953796,/kaggle/working/runs/overnight_r124_m11_resample_100_soft_fp64_s1
125,more_points_soft,helmholtz1d,11,fp32,0,5000,1000,200,0.03,10000,False,1.0,0.0025922430213540792,7.805752277374268,0.9806502461433411,4400,7.959771904481126,108.79453778266907,/kaggle/working/runs/overnight_r125_m11_more_points_soft_fp32_s0
126,more_points_soft,helmholtz1d,11,fp32,1,5000,1000,200,0.03,10000,False,1.0,0.04818210378289223,3.6300127506256104,0.6670244336128235,5900,5.442098621431705,108.6054618358612,/kaggle/working/runs/overnight_r126_m11_more_points_soft_fp32_s1
127,more_points_soft,helmholtz1d,11,fp64,0,5000,1000,200,0.03,10000,False,1.0,0.0028896851402143557,8.091291396776974,0.8705080357747348,4700,9.294907185521712,521.06006026268,/kaggle/working/runs/overnight_r127_m11_more_points_soft_fp64_s0
128,more_points_soft,helmholtz1d,11,fp64,1,5000,1000,200,0.03,10000,False,1.0,0.028830730674050203,3.9272162932965715,0.9651332054205454,4900,4.06909250582186,518.7433915138245,/kaggle/working/runs/overnight_r128_m11_more_points_soft_fp64_s1
129,base_2k,helmholtz1d,12,fp32,0,2000,1500,0,0.1,5000,False,1.0,0.500996470451355,1.0055683851242065,1.0000450611114502,600,1.005523075136852,47.327271699905396,/kaggle/working/runs/overnight_r129_m12_base_2k_fp32_s0
130,base_2k,helmholtz1d,12,fp32,1,2000,1500,0,0.1,5000,False,1.0,0.5001286268234253,1.0424273014068604,1.0003341436386108,100,1.0420790973055665,47.173673152923584,/kaggle/working/runs/overnight_r130_m12_base_2k_fp32_s1
131,base_2k,helmholtz1d,12,fp64,0,2000,1500,0,0.1,5000,False,1.0,0.11044422607533638,8.121797133849155,1.000101484613563,100,8.12097298004452,206.93109703063965,/kaggle/working/runs/overnight_r131_m12_base_2k_fp64_s0
132,base_2k,helmholtz1d,12,fp64,1,2000,1500,0,0.1,5000,False,1.0,0.00016314953560404277,1.7495732663245638,1.0003262957081305,2000,1.7490025742910635,206.23253393173218,/kaggle/working/runs/overnight_r132_m12_base_2k_fp64_s1
133,resample_2k,helmholtz1d,12,fp32,0,2000,1500,200,0.1,5000,False,1.0,0.49838173389434814,1.0026458501815796,1.000051736831665,600,1.0025939791456522,47.538132667541504,/kaggle/working/runs/overnight_r133_m12_resample_2k_fp32_s0
134,resample_2k,helmholtz1d,12,fp32,1,2000,1500,200,0.1,5000,False,1.0,0.5003538727760315,1.0005704164505005,0.999985933303833,700,1.00058449136853,47.89083552360535,/kaggle/working/runs/overnight_r134_m12_resample_2k_fp32_s1
135,resample_2k,helmholtz1d,12,fp64,0,2000,1500,200,0.1,5000,False,1.0,0.47489284112684094,1.3579252186758979,1.000101484613563,100,1.357787424143858,186.75593495368958,/kaggle/working/runs/overnight_r135_m12_resample_2k_fp64_s0
136,resample_2k,helmholtz1d,12,fp64,1,2000,1500,200,0.1,5000,False,1.0,0.49341965492047274,1.0251141776985202,1.004501749691776,200,1.0205200518695652,185.7725315093994,/kaggle/working/runs/overnight_r136_m12_resample_2k_fp64_s1
137,resample_5k,helmholtz1d,12,fp32,0,5000,1500,200,0.1,5000,False,1.0,0.28470906615257263,1.130499005317688,0.9289563298225403,4300,1.216956027990733,74.8117995262146,/kaggle/working/runs/overnight_r137_m12_resample_5k_fp32_s0
138,resample_5k,helmholtz1d,12,fp32,1,5000,1500,200,0.1,5000,False,1.0,2.510429658286739e-05,0.2466135323047638,0.2466135323047638,6500,1.0,96.62439680099487,/kaggle/working/runs/overnight_r138_m12_resample_5k_fp32_s1
139,resample_5k,helmholtz1d,12,fp64,0,5000,1500,200,0.1,5000,False,1.0,0.0005124151174837868,3.7455787078301324,0.9639021959235207,4500,3.885849335825478,317.3110337257385,/kaggle/working/runs/overnight_r139_m12_resample_5k_fp64_s0
140,resample_5k,helmholtz1d,12,fp64,1,5000,1500,200,0.1,5000,False,1.0,0.23667258048314968,0.9646971662958743,0.80425369797553,5001,1.1994936034788688,310.6975646018982,/kaggle/working/runs/overnight_r140_m12_resample_5k_fp64_s1
141,soft_lbfgs,helmholtz1d,12,fp32,0,5000,1500,200,0.03,5000,False,1.0,0.28470906615257263,1.130499005317688,0.9289563298225403,4300,1.216956027990733,74.5142035484314,/kaggle/working/runs/overnight_r141_m12_soft_lbfgs_fp32_s0
142,soft_lbfgs,helmholtz1d,12,fp32,1,5000,1500,200,0.03,5000,False,1.0,0.03469933569431305,2.6754260063171387,0.999985933303833,700,2.675463641251286,95.8615095615387,/kaggle/working/runs/overnight_r142_m12_soft_lbfgs_fp32_s1
143,soft_lbfgs,helmholtz1d,12,fp64,0,5000,1500,200,0.03,5000,False,1.0,0.04585553950873492,8.16441542017145,0.9639021959235207,4500,8.470169955727792,316.9570527076721,/kaggle/working/runs/overnight_r143_m12_soft_lbfgs_fp64_s0
144,soft_lbfgs,helmholtz1d,12,fp64,1,5000,1500,200,0.03,5000,False,1.0,0.044208406443524306,2.943287933742122,0.8043486496789253,5001,3.659219089777803,317.0847358703613,/kaggle/working/runs/overnight_r144_m12_soft_lbfgs_fp64_s1
145,softer_lbfgs,helmholtz1d,12,fp32,0,5000,1500,200,0.01,5000,False,1.0,0.284708172082901,1.1302624940872192,0.9289563298225403,4300,1.2167014291222222,74.66107487678528,/kaggle/working/runs/overnight_r145_m12_softer_lbfgs_fp32_s0
146,softer_lbfgs,helmholtz1d,12,fp32,1,5000,1500,200,0.01,5000,False,1.0,0.10918005555868149,1.26382577419281,0.999985933303833,700,1.2638435522960627,96.0510036945343,/kaggle/working/runs/overnight_r146_m12_softer_lbfgs_fp32_s1
147,softer_lbfgs,helmholtz1d,12,fp64,0,5000,1500,200,0.01,5000,False,1.0,0.0660406734697138,5.093181886970939,0.9639021959235207,4500,5.283919788242758,317.2108452320099,/kaggle/working/runs/overnight_r147_m12_softer_lbfgs_fp64_s0
148,softer_lbfgs,helmholtz1d,12,fp64,1,5000,1500,200,0.01,5000,False,1.0,0.04321119316218696,1.5609903119244637,0.8043924785260261,5100,1.940582928851886,316.8732330799103,/kaggle/working/runs/overnight_r148_m12_softer_lbfgs_fp64_s1
149,adam_only,helmholtz1d,12,fp32,0,10000,0,200,0.03,5000,False,1.0,0.0008708069799467921,4.402951240539551,0.6410113573074341,6500,6.86875698900895,90.2118935585022,/kaggle/working/runs/overnight_r149_m12_adam_only_fp32_s0
150,adam_only,helmholtz1d,12,fp32,1,10000,0,200,0.03,5000,False,1.0,0.0005852998001500964,3.7817323207855225,0.9013190865516663,5400,4.195775255635555,90.06090807914734,/kaggle/working/runs/overnight_r150_m12_adam_only_fp32_s1
151,adam_only,helmholtz1d,12,fp64,0,10000,0,200,0.03,5000,False,1.0,0.001693334217405577,5.394758311122729,0.779629533769944,7600,6.9196433401336925,371.04467487335205,/kaggle/working/runs/overnight_r151_m12_adam_only_fp64_s0
152,adam_only,helmholtz1d,12,fp64,1,10000,0,200,0.03,5000,False,1.0,0.0008418592990813202,4.946919729963165,0.4911958784801864,7300,10.071175159835366,371.3517863750458,/kaggle/working/runs/overnight_r152_m12_adam_only_fp64_s1
153,resample_100_soft,helmholtz1d,12,fp32,0,5000,1500,100,0.03,5000,False,1.0,0.2702159583568573,1.3647067546844482,0.960854172706604,4300,1.4203058002446332,73.40539717674255,/kaggle/working/runs/overnight_r153_m12_resample_100_soft_fp32_s0
154,resample_100_soft,helmholtz1d,12,fp32,1,5000,1500,100,0.03,5000,False,1.0,0.27345889806747437,0.9234357476234436,0.9234357476234436,5000,1.0,73.30073833465576,/kaggle/working/runs/overnight_r154_m12_resample_100_soft_fp32_s1
155,resample_100_soft,helmholtz1d,12,fp64,0,5000,1500,100,0.03,5000,False,1.0,0.04127513421190797,4.290445171512128,0.9581403976856142,4700,4.477887772893919,317.2029039859772,/kaggle/working/runs/overnight_r155_m12_resample_100_soft_fp64_s0
156,resample_100_soft,helmholtz1d,12,fp64,1,5000,1500,100,0.03,5000,False,1.0,0.01200698180350314,1.4121617807650688,0.8229494042510993,4900,1.7159764299849816,316.9370901584625,/kaggle/working/runs/overnight_r156_m12_resample_100_soft_fp64_s1
157,more_points_soft,helmholtz1d,12,fp32,0,5000,1000,200,0.03,10000,False,1.0,0.08937867730855942,7.093679428100586,0.9873272776603699,4300,7.184729510269579,106.7374017238617,/kaggle/working/runs/overnight_r157_m12_more_points_soft_fp32_s0
158,more_points_soft,helmholtz1d,12,fp32,1,5000,1000,200,0.03,10000,False,1.0,0.0958886593580246,1.2879319190979004,0.9999912977218628,700,1.2879431271372177,106.57578039169312,/kaggle/working/runs/overnight_r158_m12_more_points_soft_fp32_s1
159,more_points_soft,helmholtz1d,12,fp64,0,5000,1000,200,0.03,10000,False,1.0,0.08744498046967648,4.900526886426184,0.992731572496514,2500,4.9364068013898015,518.7434041500092,/kaggle/working/runs/overnight_r159_m12_more_points_soft_fp64_s0
160,more_points_soft,helmholtz1d,12,fp64,1,5000,1000,200,0.03,10000,False,1.0,0.013983711152185392,3.213702241919543,0.7918590599330966,5000,4.058427066795278,518.4370076656342,/kaggle/working/runs/overnight_r160_m12_more_points_soft_fp64_s1
