task_name,variant,main_parameter_name,main_parameter_value,dtype,n_total,n_valid,n_bad,seed_list,best_l2_mean,best_l2_median,best_l2_std,best_l2_min,best_l2_max,final_l2_mean,final_l2_median,final_l2_std,final_l2_min,final_l2_max,bad_rate
burgers1d,adam1e4_lbfgs05_steps2000_inner5_resample200,nu,0.001,fp32,1,1,0,0,0.17678102850914,0.17678102850914,,0.17678102850914,0.17678102850914,0.17678102850914001,0.17678102850914001,,0.17678102850914001,0.17678102850914001,0.0
burgers1d,adam1e4_lbfgs05_steps2000_inner5_resample200,nu,0.001,fp64,1,1,0,0,0.1857798282713026,0.1857798282713026,,0.1857798282713026,0.1857798282713026,0.21475275158232335,0.21475275158232335,,0.21475275158232335,0.21475275158232335,0.0
burgers1d,adam1e4_lbfgs1_steps2000_inner5_resample200,nu,0.001,fp32,1,1,1,0,0.220319464802742,0.220319464802742,,0.220319464802742,0.220319464802742,0.22086194157600403,0.22086194157600403,,0.22086194157600403,0.22086194157600403,1.0
burgers1d,adam1e4_lbfgs1_steps2000_inner5_resample200,nu,0.001,fp64,1,1,0,0,0.1787671003678304,0.1787671003678304,,0.1787671003678304,0.1787671003678304,0.17876710036783044,0.17876710036783044,,0.17876710036783044,0.17876710036783044,0.0
burgers1d,adam2e4_lbfgs05_steps2000_inner5_resample200,nu,0.001,fp32,1,1,1,0,0.2265450656414032,0.2265450656414032,,0.2265450656414032,0.2265450656414032,0.2265450656414032,0.2265450656414032,,0.2265450656414032,0.2265450656414032,1.0
burgers1d,adam2e4_lbfgs05_steps2000_inner5_resample200,nu,0.001,fp64,1,1,1,0,0.2301922653213753,0.2301922653213753,,0.2301922653213753,0.2301922653213753,0.23019226532137532,0.23019226532137532,,0.23019226532137532,0.23019226532137532,1.0
burgers1d,adam2e4_lbfgs1_steps2000_inner5_resample200,nu,0.001,fp32,1,1,1,0,0.2255788147449493,0.2255788147449493,,0.2255788147449493,0.2255788147449493,0.22597716748714447,0.22597716748714447,,0.22597716748714447,0.22597716748714447,1.0
burgers1d,adam2e4_lbfgs1_steps2000_inner5_resample200,nu,0.001,fp64,1,1,1,0,0.2673989889349082,0.2673989889349082,,0.2673989889349082,0.2673989889349082,0.27446882796307925,0.27446882796307925,,0.27446882796307925,0.27446882796307925,1.0
burgers1d,adam3000_lbfgs5000_inner5_resample200,nu,0.001,fp32,1,1,1,0,0.2708814144134521,0.2708814144134521,,0.2708814144134521,0.2708814144134521,0.27088141441345215,0.27088141441345215,,0.27088141441345215,0.27088141441345215,1.0
burgers1d,adam3000_lbfgs5000_inner5_resample200,nu,0.001,fp64,1,1,0,0,0.0995819415032934,0.0995819415032934,,0.0995819415032934,0.0995819415032934,0.1003156039928465,0.1003156039928465,,0.1003156039928465,0.1003156039928465,0.0
burgers1d,adam3000_lbfgs5000_inner5_resample200,nu,0.002,fp32,1,1,0,0,0.0477750860154628,0.0477750860154628,,0.0477750860154628,0.0477750860154628,0.050614576786756516,0.050614576786756516,,0.050614576786756516,0.050614576786756516,0.0
burgers1d,adam3000_lbfgs5000_inner5_resample200,nu,0.002,fp64,1,1,0,0,0.0483794210626988,0.0483794210626988,,0.0483794210626988,0.0483794210626988,0.050917320703828754,0.050917320703828754,,0.050917320703828754,0.050917320703828754,0.0
burgers1d,adam3000_lbfgs5000_inner5_resample200,nu,0.005,fp32,1,1,0,0,0.0478018335998058,0.0478018335998058,,0.0478018335998058,0.0478018335998058,0.05202233046293259,0.05202233046293259,,0.05202233046293259,0.05202233046293259,0.0
burgers1d,adam3000_lbfgs5000_inner5_resample200,nu,0.005,fp64,1,1,0,0,0.0519076759178343,0.0519076759178343,,0.0519076759178343,0.0519076759178343,0.052059250369430064,0.052059250369430064,,0.052059250369430064,0.052059250369430064,0.0
burgers1d,adam5e4_lbfgs05_steps2000_inner5_resample200,nu,0.001,fp32,1,1,1,0,0.2336248606443405,0.2336248606443405,,0.2336248606443405,0.2336248606443405,0.23826481401920319,0.23826481401920319,,0.23826481401920319,0.23826481401920319,1.0
burgers1d,adam5e4_lbfgs05_steps2000_inner5_resample200,nu,0.001,fp64,1,1,0,0,0.0785992072155564,0.0785992072155564,,0.0785992072155564,0.0785992072155564,0.0910408607097001,0.0910408607097001,,0.0910408607097001,0.0910408607097001,0.0
burgers1d,adam5e4_lbfgs05_steps2000_inner5_resample200,nu,0.002,fp32,1,1,0,0,0.0470239780843257,0.0470239780843257,,0.0470239780843257,0.0470239780843257,0.04712007939815521,0.04712007939815521,,0.04712007939815521,0.04712007939815521,0.0
burgers1d,adam5e4_lbfgs1_steps2000_inner5_resample200,nu,0.001,fp32,1,1,1,0,0.2708814144134521,0.2708814144134521,,0.2708814144134521,0.2708814144134521,0.27088141441345215,0.27088141441345215,,0.27088141441345215,0.27088141441345215,1.0
burgers1d,adam5e4_lbfgs1_steps2000_inner5_resample200,nu,0.001,fp64,1,1,0,0,0.0995819415032934,0.0995819415032934,,0.0995819415032934,0.0995819415032934,0.1003156039928465,0.1003156039928465,,0.1003156039928465,0.1003156039928465,0.0
burgers1d,adam5e4_lbfgs1_steps2000_inner5_resample200,nu,0.002,fp32,1,1,0,0,0.0477750860154628,0.0477750860154628,,0.0477750860154628,0.0477750860154628,0.050614576786756516,0.050614576786756516,,0.050614576786756516,0.050614576786756516,0.0
burgers1d,adam5e4_lbfgs1_steps2000_inner5_resample200,nu,0.002,fp64,1,1,0,0,0.0483794210626988,0.0483794210626988,,0.0483794210626988,0.0483794210626988,0.050917320703828754,0.050917320703828754,,0.050917320703828754,0.050917320703828754,0.0
burgers1d,burgers_hard_nu_0p0001,nu,0.0001,fp32,2,1,2,"0,1",0.3910178542137146,0.3910178542137146,,0.3910178542137146,0.3910178542137146,0.3912387192249298,0.3912387192249298,,0.3912387192249298,0.3912387192249298,1.0
burgers1d,burgers_hard_nu_0p0001,nu,0.0001,fp64,2,2,2,"0,1",0.4136770667144381,0.4136770667144381,0.008464691805830978,0.4076916257378808,0.4196625076909954,0.4136770667144381,0.4136770667144381,0.008464691805830978,0.4076916257378808,0.4196625076909954,1.0
burgers1d,burgers_hard_nu_0p0002,nu,0.0002,fp32,2,2,2,"0,1",0.39725589752197266,0.39725589752197266,0.01626918928738723,0.3857518434524536,0.4087599515914917,0.39725589752197266,0.39725589752197266,0.01626918928738723,0.3857518434524536,0.4087599515914917,1.0
burgers1d,burgers_hard_nu_0p0002,nu,0.0002,fp64,2,2,2,"0,1",0.4087557481708067,0.4087557481708067,0.0061115419533629145,0.4044342354120777,0.4130772609295357,0.40909566671109376,0.40909566671109376,0.0056308245435869285,0.4051140724926518,0.41307726092953573,1.0
burgers1d,burgers_hard_nu_0p0005,nu,0.0005,fp32,2,2,2,"0,1",0.38551378250122065,0.38551378250122065,0.021479298406606926,0.3703256249427795,0.4007019400596618,31628257280.18516,31628257280.18516,44729110399.339714,0.37032562494277954,63256514560.0,1.0
burgers1d,burgers_hard_nu_0p0005,nu,0.0005,fp64,2,2,2,"0,1",0.3839419351851035,0.3839419351851035,0.015425373999762905,0.3730345486275325,0.3948493217426745,0.3849497125606439,0.3849497125606439,0.014000161567420958,0.3750501033786133,0.39484932174267456,1.0
burgers1d,burgers_hard_nu_0p001,nu,0.001,fp32,2,1,2,"0,1",0.2925863564014435,0.2925863564014435,,0.2925863564014435,0.2925863564014435,0.2925863564014435,0.2925863564014435,,0.2925863564014435,0.2925863564014435,1.0
burgers1d,burgers_hard_nu_0p001,nu,0.001,fp64,2,2,2,"0,1",0.28694480985315574,0.28694480985315574,0.07291252279608294,0.2353878705506267,0.3385017491556847,0.28973214177940054,0.28973214177940054,0.0689706401831521,0.24096253440311627,0.33850174915568476,1.0
burgers1d,burgers_hard_nu_0p002,nu,0.002,fp32,2,2,0,"0,1",0.048669481649994795,0.048669481649994795,0.0015773800498345726,0.0475541055202484,0.0497848577797412,0.04871722124516964,0.04871722124516964,0.0016448940327930127,0.04755410552024841,0.049880336970090866,0.0
burgers1d,burgers_hard_nu_0p002,nu,0.002,fp64,2,2,2,"0,1",0.2603688687630654,0.2603688687630654,0.08184038392022701,0.2024989783181624,0.3182387592079684,5036976508.883046,5036976508.883046,7123360491.803356,0.29255322203803313,10073953017.47354,1.0
burgers1d,burgers_hard_nu_0p005,nu,0.005,fp32,2,2,0,"0,1",0.0469164233654737,0.0469164233654737,0.0028881365018113498,0.0448742024600505,0.0489586442708969,0.05205364339053631,0.05205364339053631,9.481196990328805e-05,0.05198660120368004,0.05212068557739258,0.0
burgers1d,burgers_hard_nu_0p005,nu,0.005,fp64,2,2,0,"0,1",0.05057231804090655,0.05057231804090655,0.0007071323542312812,0.0500722999580332,0.0510723361237799,0.051965468013369584,0.051965468013369584,0.000194593184489076,0.051827869853044675,0.0521030661736945,0.0
burgers1d,burgers_hard_nu_0p01,nu,0.01,fp32,2,2,0,"0,1",0.0416142791509628,0.0416142791509628,0.0015815288802349522,0.0404959693551063,0.0427325889468193,0.0493039395660162,0.0493039395660162,6.413960089948492e-05,0.04925858601927757,0.04934929311275482,0.0
burgers1d,burgers_hard_nu_0p01,nu,0.01,fp64,2,2,0,"0,1",0.04260087026889425,0.04260087026889425,0.0017265524740931102,0.0413800133063886,0.0438217272313999,0.04941392417231251,0.04941392417231251,1.492147554125921e-05,0.04940337309577198,0.049424475248853045,0.0
burgers1d,burgers_main,nu,0.001,fp32,2,2,2,"0,1",0.25809021294116974,0.25809021294116974,0.07318465176471092,0.2063408493995666,0.3098395764827728,0.25947022438049316,0.25947022438049316,0.07513628265843207,0.20634084939956665,0.3125995993614197,1.0
burgers1d,burgers_main,nu,0.001,fp64,2,2,2,"0,1",0.2530033896767759,0.2530033896767759,0.021603686539552757,0.2377272764260296,0.2682795029275222,0.2547229556510158,0.2547229556510158,0.019232701652769545,0.24112338189180474,0.2683225294102269,1.0
burgers1d,burgers_main,nu,0.002,fp32,2,2,1,"0,1",0.1577947568148374,0.1577947568148374,0.1551765012892545,0.0480684004724025,0.2675211131572723,0.1585552804172039,0.1585552804172039,0.15410095849628302,0.04958944767713547,0.26752111315727234,0.5
burgers1d,burgers_main,nu,0.002,fp64,2,2,1,"0,1",0.2784619062602394,0.2784619062602394,0.1354233604222072,0.1827031297746268,0.3742206827458521,0.28062800368521146,0.28062800368521146,0.1382027389326983,0.1829039098073464,0.3783520975630765,0.5
burgers1d,burgers_main_nu0p001,nu,,fp16,2,0,2,"0,1",,,,,,,,,,,1.0
burgers1d,burgers_main_nu0p002,nu,,fp16,2,0,2,"0,1",,,,,,,,,,,1.0
burgers1d,burgers_more_points,nu,0.001,fp16,2,0,2,"0,1",,,,,,,,,,,1.0
burgers1d,burgers_more_points,nu,0.001,fp32,2,2,0,"0,1",0.09484540857374665,0.09484540857374665,0.07646429561069593,0.0407769866287708,0.1489138305187225,0.09619902446866035,0.09619902446866035,0.07809966445572548,0.040974222123622894,0.15142382681369781,0.0
burgers1d,burgers_more_points,nu,0.001,fp64,2,2,0,"0,1",0.1699690994922754,0.1699690994922754,0.009587856224777772,0.1631894613386934,0.1767487376458574,0.17199977352653492,0.17199977352653492,0.006716049464769146,0.16725080940721238,0.17674873764585747,0.0
burgers1d,burgers_more_points,nu,0.002,fp16,2,0,2,"0,1",,,,,,,,,,,1.0
burgers1d,burgers_more_points,nu,0.002,fp32,2,2,0,"0,1",0.048778716474771444,0.048778716474771444,0.0022310592309923694,0.0472011193633079,0.050356313586235,0.05046572536230087,0.05046572536230087,0.0001269515760708767,0.050375957041978836,0.05055549368262291,0.0
burgers1d,burgers_more_points,nu,0.002,fp64,2,2,0,"0,1",0.046523612511057855,0.046523612511057855,0.0003345551213400718,0.0462870463160776,0.0467601787060381,0.050467132649203314,0.050467132649203314,8.063722457463112e-05,0.05041011352089053,0.0505241517775161,0.0
burgers1d,nu_0p001,nu,0.001,fp32,3,3,3,"0,1,2",0.28629547357559204,0.312531441450119,0.0486426313132943,0.2301674783229828,0.3161875009536743,0.3892252743244171,0.3161875009536743,0.20555078706974703,0.2301674783229828,0.6213208436965942,1.0
burgers1d,nu_0p001,nu,0.001,fp64,3,3,3,"0,1,2",0.3863221183838605,0.3950744994023785,0.015284859563630633,0.3686728799292377,0.3952189758199652,0.596845316237653,0.39531601318571635,0.3491430322949575,0.39521897581996523,1.0000009597072774,1.0
burgers1d,nu_0p01,nu,0.01,fp32,3,3,0,"0,1,2",0.04458825166026747,0.0452182851731777,0.0011069339693287503,0.0433101169764995,0.0452363528311252,0.04924183587233225,0.049273062497377396,0.00011041474296994969,0.049119170755147934,0.049333274364471436,0.0
burgers1d,nu_0p01,nu,0.01,fp64,3,3,0,"0,1,2",0.04365646577119323,0.0430148326372165,0.0029045692647791804,0.0411263609423979,0.0468282037339653,0.0492389878041661,0.049217967537794165,4.554046763270578e-05,0.04920775412950652,0.0492912417451976,0.0
burgers1d,nu_0p1,nu,0.1,fp32,3,3,0,"0,1,2",0.01948769887288403,0.0196734741330146,0.0004321604706482555,0.0189937148243188,0.0197959076613187,0.02361713784436385,0.023654714226722717,0.00012474768813205273,0.02347792126238346,0.023718778043985367,0.0
burgers1d,nu_0p1,nu,0.1,fp64,3,3,0,"0,1,2",0.019985713200834067,0.0199532973430125,0.0008520065752228757,0.0191503771711941,0.0208534650882956,0.0237660824473384,0.023810158892002505,8.502676308585023e-05,0.02366806725013773,0.023820021199874964,0.0
convection1d,convection_beta30,beta,30.0,fp32,2,2,2,"0,1",1.0001898407936096,1.0001898407936096,0.000148946962637264,1.0000845193862915,1.0002951622009275,1.1709406971931458,1.1709406971931458,0.007491602322811414,1.165643334388733,1.1762380599975586,1.0
convection1d,convection_beta30,beta,30.0,fp64,2,2,0,"0,1",0.007462936888774051,0.007462936888774051,0.005657906085414675,0.0034621931284607,0.0114636806490874,0.007593090601875082,0.007593090601875082,0.00584197123167525,0.003462193128460786,0.011723988075289378,0.0
convection1d,convection_beta30_beta30p0,beta,,fp16,2,0,2,"0,1",,,,,,,,,,,1.0
convection1d,convection_beta30_lbfgs_grid,beta,30.0,fp16,2,1,2,"0,1",1.0009765625,1.0009765625,,1.0009765625,1.0009765625,1.0009765625,1.0009765625,,1.0009765625,1.0009765625,1.0
convection1d,convection_beta30_lbfgs_grid,beta,30.0,fp32,2,2,0,"0,1",0.010941238608211251,0.010941238608211251,0.004104571599543113,0.0080388681963086,0.0138436090201139,0.010941238608211279,0.010941238608211279,0.004104571599543137,0.008038868196308613,0.013843609020113945,0.0
convection1d,convection_beta30_lbfgs_grid,beta,30.0,fp64,2,2,0,"0,1",0.0066253707376576505,0.0066253707376576505,0.00016582034743408338,0.0065081180455283,0.006742623429787,0.006710488283064528,0.006710488283064528,4.544596032382907e-05,0.006678353136342014,0.006742623429787042,0.0
convection1d,convection_beta50,beta,50.0,fp32,1,1,1,0,0.741241991519928,0.741241991519928,,0.741241991519928,0.741241991519928,0.741241991519928,0.741241991519928,,0.741241991519928,0.741241991519928,1.0
convection1d,convection_beta50,beta,50.0,fp64,1,1,1,0,0.7004091523132202,0.7004091523132202,,0.7004091523132202,0.7004091523132202,0.7004091523132202,0.7004091523132202,,0.7004091523132202,0.7004091523132202,1.0
convection1d,convection_beta50_beta50p0,beta,,fp16,1,0,1,0,,,,,,,,,,,1.0
convection1d,convection_beta50_wide_lbfgs,beta,50.0,fp16,1,0,1,0,,,,,,,,,,,1.0
convection1d,convection_beta50_wide_lbfgs,beta,50.0,fp32,1,1,1,0,0.6873066425323486,0.6873066425323486,,0.6873066425323486,0.6873066425323486,0.6873066425323486,0.6873066425323486,,0.6873066425323486,0.6873066425323486,1.0
convection1d,convection_beta50_wide_lbfgs,beta,50.0,fp64,1,1,0,0,0.0071818074399789,0.0071818074399789,,0.0071818074399789,0.0071818074399789,0.007181807439978906,0.007181807439978906,,0.007181807439978906,0.007181807439978906,0.0
convection1d,lbfgs_grid_t4,beta,30.0,fp32,1,1,0,0,0.0066110449843108,0.0066110449843108,,0.0066110449843108,0.0066110449843108,0.006611044984310865,0.006611044984310865,,0.006611044984310865,0.006611044984310865,0.0
convection1d,lbfgs_grid_t4,beta,30.0,fp64,1,1,0,0,0.0101805789260388,0.0101805789260388,,0.0101805789260388,0.0101805789260388,0.0104210207454427,0.0104210207454427,,0.0104210207454427,0.0104210207454427,0.0
convection1d,lbfgs_grid_t4,beta,50.0,fp32,1,1,1,0,0.8505832552909851,0.8505832552909851,,0.8505832552909851,0.8505832552909851,0.8505832552909851,0.8505832552909851,,0.8505832552909851,0.8505832552909851,1.0
convection1d,lbfgs_grid_t4,beta,50.0,fp64,1,1,1,0,0.8581250754380461,0.8581250754380461,,0.8581250754380461,0.8581250754380461,1.885598995013883,1.885598995013883,,1.885598995013883,1.885598995013883,1.0
heat1d,fp32_0,alpha,0.1,fp32,1,1,0,0,0.0003752529737539,0.0003752529737539,,0.0003752529737539,0.0003752529737539,0.00037525297375395894,0.00037525297375395894,,0.00037525297375395894,0.00037525297375395894,0.0
heat1d,fp32_1,alpha,0.1,fp32,1,1,0,1,0.0002165301557397,0.0002165301557397,,0.0002165301557397,0.0002165301557397,0.000216530155739747,0.000216530155739747,,0.000216530155739747,0.000216530155739747,0.0
heat1d,fp32_2,alpha,0.1,fp32,1,1,0,2,0.0005908291786909,0.0005908291786909,,0.0005908291786909,0.0005908291786909,0.0005986809264868498,0.0005986809264868498,,0.0005986809264868498,0.0005986809264868498,0.0
heat1d,fp64_0,alpha,0.1,fp64,1,1,0,0,0.0008231124190756,0.0008231124190756,,0.0008231124190756,0.0008231124190756,0.0008299220745667345,0.0008299220745667345,,0.0008299220745667345,0.0008299220745667345,0.0
heat1d,fp64_1,alpha,0.1,fp64,1,1,0,1,0.0003106738239774,0.0003106738239774,,0.0003106738239774,0.0003106738239774,0.00031067382397749623,0.00031067382397749623,,0.00031067382397749623,0.00031067382397749623,0.0
heat1d,fp64_2,alpha,0.1,fp64,1,1,0,2,0.0002769395990441,0.0002769395990441,,0.0002769395990441,0.0002769395990441,0.0002769395990441863,0.0002769395990441863,,0.0002769395990441863,0.0002769395990441863,0.0
helmholtz1d,adam_only,m,8.0,fp32,2,2,1,"0,1",0.24972347915172574,0.24972347915172574,0.07977662960605722,0.1933128833770752,0.3061340749263763,0.37137822806835175,0.37137822806835175,0.09198593941693559,0.30633434653282166,0.43642210960388184,0.5
helmholtz1d,adam_only,m,8.0,fp64,2,2,1,"0,1",0.18062934349575735,0.18062934349575735,0.0491006203103028,0.1459099619138763,0.2153487250776384,0.24980940329937024,0.24980940329937024,0.10540404605088317,0.17527748757229158,0.32434131902644886,0.5
helmholtz1d,adam_only,m,9.0,fp32,2,2,2,"0,1",0.6103802919387817,0.6103802919387817,0.04683888856821782,0.5772601962089539,0.6435003876686096,0.7304167151451111,0.7304167151451111,0.06189104545800447,0.6866531372070312,0.7741802930831909,1.0
helmholtz1d,adam_only,m,9.0,fp64,2,2,2,"0,1",0.5025544211868497,0.5025544211868497,0.1848034643564839,0.3718786383536135,0.6332302040200859,0.7135623238476505,0.7135623238476505,0.36027626111220074,0.4588085365146782,0.9683161111806229,1.0
helmholtz1d,adam_only,m,10.0,fp32,2,2,2,"0,1",0.5799353420734406,0.5799353420734406,0.10589155451325613,0.5050587058067322,0.6548119783401489,0.6976556777954102,0.6976556777954102,0.24459215466242368,0.5247029066085815,0.8706084489822388,1.0
helmholtz1d,adam_only,m,10.0,fp64,2,2,2,"0,1",0.7162463689923662,0.7162463689923662,0.13818292870315035,0.6185362830621512,0.813956454922581,0.9152812317183785,0.9152812317183785,0.21559609285256742,0.7628317724650034,1.0677306909717534,1.0
helmholtz1d,adam_only,m,11.0,fp32,2,2,2,"0,1",0.6959944069385529,0.6959944069385529,0.03064965185245576,0.6743218302726746,0.7176669836044312,3.530282497406006,3.530282497406006,1.9605378715107078,2.143972873687744,4.916592121124268,1.0
helmholtz1d,adam_only,m,11.0,fp64,2,2,2,"0,1",0.6644842815818902,0.6644842815818902,0.14191251394303406,0.5641369806375404,0.7648315825262401,1.966557778111992,1.966557778111992,0.18916980912150436,1.8327945232864116,2.1003210329375728,1.0
helmholtz1d,adam_only,m,12.0,fp32,2,2,2,"0,1",0.7711652219295502,0.7711652219295502,0.18406536054386846,0.6410113573074341,0.9013190865516664,4.092341780662537,4.092341780662537,0.43926811075945515,3.7817323207855225,4.402951240539551,1.0
helmholtz1d,adam_only,m,12.0,fp64,2,2,2,"0,1",0.6354127061250652,0.6354127061250652,0.20395339357781067,0.4911958784801864,0.779629533769944,5.170839020542947,5.170839020542947,0.3166696976148897,4.946919729963165,5.394758311122729,1.0
helmholtz1d,base_2k,m,8.0,fp32,2,2,0,"0,1",0.00531957997009155,0.00531957997009155,0.0038501297579938186,0.002597127109766,0.0080420328304171,0.00733264209702611,0.00733264209702611,0.006697029519804293,0.0025971271097660065,0.012068157084286213,0.0
helmholtz1d,base_2k,m,8.0,fp64,2,2,1,"0,1",0.5005469567780806,0.5005469567780806,0.7059970806360429,0.0013316335624289,0.9997622799937324,0.920955562291501,0.920955562291501,1.2997870317238214,0.0018673380612527339,1.8400437865217492,0.5
helmholtz1d,base_2k,m,9.0,fp32,2,2,1,"0,1",0.5036407802253962,0.5036407802253962,0.7015279582656645,0.0075856037437915,0.9996959567070008,3.0843353662639856,3.0843353662639856,4.351181242184258,0.00758560374379158,6.16108512878418,0.5
helmholtz1d,base_2k,m,9.0,fp64,2,2,1,"0,1",0.5781763795044393,0.5781763795044393,0.596570599458983,0.1563372631704687,1.00001549583841,1.0290452712354856,1.0290452712354856,1.2341955009971555,0.1563372631704687,1.9017532793005028,0.5
helmholtz1d,base_2k,m,10.0,fp32,2,2,2,"0,1",1.0000163614749908,1.0000163614749908,4.05874151158732e-05,0.9999876618385316,1.0000450611114502,1.1879806518554688,1.1879806518554688,0.10805575303744203,1.1115736961364746,1.264387607574463,1.0
helmholtz1d,base_2k,m,10.0,fp64,2,2,2,"0,1",0.9888148849943763,0.9888148849943763,0.02127835299557206,0.9737688172987262,1.0038609526900264,1.1298704542467157,1.1298704542467157,0.1778264094064762,1.0041281942813411,1.2556127142120903,1.0
helmholtz1d,base_2k,m,11.0,fp32,2,2,2,"0,1",1.0000382363796234,1.0000382363796234,0.00040566341691735503,0.9997513890266418,1.000325083732605,1.0202930569648743,1.0202930569648743,0.005177908926957376,1.0166317224502563,1.0239543914794922,1.0
helmholtz1d,base_2k,m,11.0,fp64,2,2,2,"0,1",0.9556324552699178,0.9556324552699178,0.06276861390658411,0.911248342730892,1.0000165678089437,4.569679977570942,4.569679977570942,4.984369291190878,1.0451986518318876,8.094161303309997,1.0
helmholtz1d,base_2k,m,12.0,fp32,2,2,2,"0,1",1.0001896023750305,1.0001896023750305,0.00020441221527783607,1.0000450611114502,1.0003341436386108,1.0239978432655334,1.0239978432655334,0.02606318965065176,1.0055683851242065,1.0424273014068604,1.0
helmholtz1d,base_2k,m,12.0,fp64,2,2,2,"0,1",1.0002138901608468,1.0002138901608468,0.00015896544945457938,1.000101484613563,1.0003262957081305,4.935685200086859,4.935685200086859,4.505842707965407,1.7495732663245638,8.121797133849155,1.0
helmholtz1d,helmholtz_lbfgs_r01_m8_fp32_adam0,m,8.0,fp32,1,1,1,0,1.0168980360031128,1.0168980360031128,,1.0168980360031128,1.0168980360031128,4.687134742736816,4.687134742736816,,4.687134742736816,4.687134742736816,1.0
helmholtz1d,helmholtz_lbfgs_r02_m8_fp64_adam0,m,8.0,fp64,1,1,1,0,0.9998590890430962,0.9998590890430962,,0.9998590890430962,0.9998590890430962,2967304.82426884,2967304.82426884,,2967304.82426884,2967304.82426884,1.0
helmholtz1d,helmholtz_lbfgs_r03_m8_fp32_adam500,m,8.0,fp32,1,1,0,0,0.0002143521705875,0.0002143521705875,,0.0002143521705875,0.0002143521705875,0.00021435217058751732,0.00021435217058751732,,0.00021435217058751732,0.00021435217058751732,0.0
helmholtz1d,helmholtz_lbfgs_r04_m8_fp64_adam500,m,8.0,fp64,1,1,1,0,1.01204815394529,1.01204815394529,,1.01204815394529,1.01204815394529,7.217639649334995,7.217639649334995,,7.217639649334995,7.217639649334995,1.0
helmholtz1d,helmholtz_lbfgs_r05_m8_fp32_adam2000,m,8.0,fp32,1,1,0,0,9.030805813381448e-05,9.030805813381448e-05,,9.030805813381448e-05,9.030805813381448e-05,0.000699418771546334,0.000699418771546334,,0.000699418771546334,0.000699418771546334,0.0
helmholtz1d,helmholtz_lbfgs_r06_m8_fp64_adam2000,m,8.0,fp64,1,1,0,0,0.0004235102604261,0.0004235102604261,,0.0004235102604261,0.0004235102604261,0.0007741855997958159,0.0007741855997958159,,0.0007741855997958159,0.0007741855997958159,0.0
helmholtz1d,helmholtz_lbfgs_r07_m10_fp32_adam0,m,10.0,fp32,1,1,1,0,1.0149681568145752,1.0149681568145752,,1.0149681568145752,1.0149681568145752,5.747350692749023,5.747350692749023,,5.747350692749023,5.747350692749023,1.0
helmholtz1d,helmholtz_lbfgs_r08_m10_fp64_adam0,m,10.0,fp64,1,1,1,0,0.9995512117851952,0.9995512117851952,,0.9995512117851952,0.9995512117851952,3.2562015901510386,3.2562015901510386,,3.2562015901510386,3.2562015901510386,1.0
helmholtz1d,helmholtz_lbfgs_r09_m10_fp32_adam500,m,10.0,fp32,1,1,0,0,0.0165341366082429,0.0165341366082429,,0.0165341366082429,0.0165341366082429,0.051498014479875565,0.051498014479875565,,0.051498014479875565,0.051498014479875565,0.0
helmholtz1d,helmholtz_lbfgs_r10_m10_fp64_adam500,m,10.0,fp64,1,1,1,0,1.0035130802412142,1.0035130802412142,,1.0035130802412142,1.0035130802412142,3.2562015925709984,3.2562015925709984,,3.2562015925709984,3.2562015925709984,1.0
helmholtz1d,helmholtz_lbfgs_r11_m10_fp32_adam2000,m,10.0,fp32,1,1,0,0,0.0026900072116404,0.0026900072116404,,0.0026900072116404,0.0026900072116404,0.002690007211640477,0.002690007211640477,,0.002690007211640477,0.002690007211640477,0.0
helmholtz1d,helmholtz_lbfgs_r12_m10_fp64_adam2000,m,10.0,fp64,1,1,1,0,1.0035130802412142,1.0035130802412142,,1.0035130802412142,1.0035130802412142,13.264213168182557,13.264213168182557,,13.264213168182557,13.264213168182557,1.0
helmholtz1d,helmholtz_m10,m,10.0,fp32,4,4,2,"0,1",0.4064228374045342,0.3078102357685566,0.4538962291005007,0.0100820837542414,0.9999887943267822,0.7669334847014397,0.3078102357685566,1.1386505552474155,0.010082083754241467,2.4420313835144043,0.5
helmholtz1d,helmholtz_m10,m,10.0,fp64,4,4,1,"0,1",0.2771827203547204,0.0511953677605089,0.482385003728793,0.0063527287590072,0.9999874171388566,0.37464065635738475,0.1795488342258853,0.524270612636265,0.0063527287590072895,1.1331122282187611,0.25
helmholtz1d,helmholtz_m12,m,12.0,fp32,2,2,2,"0,1",0.9988885223865509,0.9988885223865509,0.0015676520303627036,0.9977800250053406,0.9999970197677612,4.680277109146118,4.680277109146118,0.663611570698093,4.211032867431641,5.149521350860596,1.0
helmholtz1d,helmholtz_m12,m,12.0,fp64,2,2,2,"0,1",0.9997862233202714,0.9997862233202714,2.502167939062283e-05,0.9997685303210976,0.9998039163194452,2.5205658119935395,2.5205658119935395,1.1072192682268003,1.7376435591699622,3.3034880648171168,1.0
helmholtz1d,helmholtz_m15,m,15.0,fp32,2,2,2,"0,1",0.9991057515144348,0.9991057515144348,0.0009717377392673298,0.998418629169464,0.9997928738594056,3.9845134615898132,3.9845134615898132,4.220695075980753,1.0000313520431519,6.968995571136475,1.0
helmholtz1d,helmholtz_m15,m,15.0,fp64,2,2,2,"0,1",0.9998017630305931,0.9998017630305931,0.00012321193570832573,0.9997146390353306,0.9998888870258557,14.238194488642051,14.238194488642051,3.3475286396033805,11.871134287362322,16.60525468992178,1.0
helmholtz1d,helmholtz_m20,m,20.0,fp32,2,1,2,"0,1",1.0298686027526855,1.0298686027526855,,1.0298686027526855,1.0298686027526855,278184.8125,278184.8125,,278184.8125,278184.8125,1.0
helmholtz1d,helmholtz_m20,m,20.0,fp64,2,2,2,"0,1",1.0086148201354792,1.0086148201354792,0.010373642716635873,1.0012795470249394,1.0159500932460188,8.350213491660805,8.350213491660805,10.372214768054778,1.0159500932460188,15.684476890075592,1.0
helmholtz1d,helmholtz_m30,m,30.0,fp32,2,2,2,"0,1",1.0591694116592407,1.0591694116592407,0.08365272774963439,1.0000180006027222,1.1183208227157593,20.42685317993164,20.42685317993164,1.821377744272226,19.138944625854492,21.71476173400879,1.0
helmholtz1d,helmholtz_m30,m,30.0,fp64,2,2,2,"0,1",1.0636761404421842,1.0636761404421842,0.044355273858028954,1.0323122255157855,1.0950400553685828,11599.479406398828,11599.479406398828,16374.787068546599,20.75642974374041,23178.202383053915,1.0
helmholtz1d,helmholtz_m40,m,40.0,fp32,2,2,2,"0,1",1.0015859603881836,1.0015859603881836,0.002242886690355737,1.0,1.0031719207763672,33.459136962890625,33.459136962890625,45.90415171584576,1.0,65.91827392578125,1.0
helmholtz1d,helmholtz_m40,m,40.0,fp64,2,2,2,"0,1",1.0016868388050884,1.0016868388050884,0.002385550315693175,1.0,1.0033736776101767,22.089861803324816,22.089861803324816,29.825568590836255,1.0,43.17972360664963,1.0
helmholtz1d,helmholtz_m5,m,5.0,fp32,4,4,0,"0,1",0.0009257648644051687,0.00067787406442215,0.0010693478018240896,3.904392724507488e-05,0.0023082674015313,0.0015473881976504344,0.0015076627460075542,0.0014896046388245601,0.00014235764683689922,0.00303186965174973,0.0
helmholtz1d,helmholtz_m5,m,5.0,fp64,4,4,0,"0,1",0.000346732052969722,0.00026551947009825874,0.00036379991784787094,4.0099485495170586e-05,0.0008157897861872,0.0004046605625714905,0.0003128700956045711,0.0003097169895476099,0.00016846094910539545,0.0008244411099714245,0.0
helmholtz1d,helmholtz_m8,m,8.0,fp32,2,2,1,"0,1",0.5220789592713118,0.5220789592713118,0.6601146914581707,0.0553073845803737,0.9888505339622498,4.563203014433384,4.563203014433384,6.353051181964625,0.07091744244098663,9.055488586425781,0.5
helmholtz1d,helmholtz_m8,m,8.0,fp64,2,2,0,"0,1",0.0961646018779944,0.0961646018779944,0.08750424536717674,0.0342897565962522,0.1580394471597366,0.09616460187799444,0.09616460187799444,0.08750424536717674,0.03428975659625223,0.15803944715973667,0.0
helmholtz1d,helmholtz_main,m,8.0,fp32,2,2,1,"0,1",0.5019146215636282,0.5019146215636282,0.7043810585532897,0.0038419985212385,0.999987244606018,0.5019243967253715,0.5019243967253715,0.7043948827196013,0.0038419985212385654,1.0000067949295044,0.5
helmholtz1d,helmholtz_main,m,8.0,fp64,2,2,0,"0,1",0.0008813547300047,0.0008813547300047,0.0006580792942383577,0.0004160223984903,0.0013466870615191,0.0008813547300047127,0.0008813547300047127,0.0006580792942383679,0.0004160223984903055,0.00134668706151912,0.0
helmholtz1d,helmholtz_main,m,12.0,fp32,2,2,2,"0,1",0.9999948143959045,0.9999948143959045,1.0199537339597104e-05,0.9999876022338868,1.0000020265579224,1.0000017285346985,1.0000017285346985,4.2146848510894033e-07,1.0000014305114746,1.0000020265579224,1.0
helmholtz1d,helmholtz_main,m,12.0,fp64,2,2,2,"0,1",0.9995139673514024,0.9995139673514024,0.000688988795204188,0.999026778702152,1.0000011560006528,1.0000025393619338,1.0000025393619338,1.1686463421403308e-06,1.0000017130041805,1.0000033657196872,1.0
helmholtz1d,helmholtz_main_m12,m,,fp16,2,0,2,"0,1",,,,,,,,,,,1.0
helmholtz1d,helmholtz_main_m8,m,,fp16,2,0,2,"0,1",,,,,,,,,,,1.0
helmholtz1d,helmholtz_resample_long,m,8.0,fp16,2,0,2,"0,1",,,,,,,,,,,1.0
helmholtz1d,helmholtz_resample_long,m,8.0,fp32,2,2,0,"0,1",0.00324988248758015,0.00324988248758015,0.00013271581614926156,0.0031560382340103,0.00334372674115,0.00324988248758018,0.00324988248758018,0.00013271581614924944,0.003156038234010339,0.0033437267411500216,0.0
helmholtz1d,helmholtz_resample_long,m,8.0,fp64,2,2,1,"0,1",0.11544944453359139,0.11544944453359139,0.16174872214830757,0.0010758262542644,0.2298230628129184,0.11544955907526591,0.11544955907526591,0.1617488841346971,0.0010758262542644114,0.2298232918962674,0.5
helmholtz1d,helmholtz_resample_long,m,12.0,fp16,2,0,2,"0,1",,,,,,,,,,,1.0
helmholtz1d,helmholtz_resample_long,m,12.0,fp32,2,2,0,"0,1",0.012530514737591099,0.012530514737591099,0.008680562614397926,0.0063924300484359,0.0186685994267463,0.012530514737591147,0.012530514737591147,0.008680562614397957,0.0063924300484359264,0.01866859942674637,0.0
helmholtz1d,helmholtz_resample_long,m,12.0,fp64,2,2,0,"0,1",0.0021135880520116,0.0021135880520116,0.0013733374058534271,0.0011424918594755,0.0030846842445477,0.0025480609936873334,0.0025480609936873334,0.0007588998792515229,0.0020114377428269293,0.003084684244547737,0.0
helmholtz1d,helmholtz_rs_m10,m,10.0,fp32,2,2,0,"0,1",0.001598153845407,0.001598153845407,0.0005205934276311014,0.0012300387024879,0.0019662689883261,0.0027125850319862366,0.0027125850319862366,0.0010554502707606662,0.001966268988326192,0.0034589010756462812,0.0
helmholtz1d,helmholtz_rs_m10,m,10.0,fp64,2,2,0,"0,1",0.0030036022583295003,0.0030036022583295003,0.0013800541879280244,0.0020277565836407,0.0039794479330183,0.0030352970511956364,0.0030352970511956364,0.0013352309820001361,0.002091146169372967,0.0039794479330183055,0.0
helmholtz1d,helmholtz_rs_m11,m,11.0,fp32,2,2,0,"0,1",0.0019056165474466498,0.0019056165474466498,0.001075946563072961,0.0011448074365034,0.0026664256583899,0.005371860053855926,0.005371860053855926,0.005977955140324532,0.00114480743650347,0.009598912671208382,0.0
helmholtz1d,helmholtz_rs_m11,m,11.0,fp64,2,2,0,"0,1",0.0009833265862458501,0.0009833265862458501,0.000982874667699442,0.0002883292436591,0.0016783239288326,0.001684604435157438,0.001684604435157438,1.3421469094349574e-06,0.0016836553939764281,0.001685553476338448,0.0
helmholtz1d,helmholtz_rs_m12,m,12.0,fp32,2,2,0,"0,1",0.0021599326282738997,0.0021599326282738997,0.00026960976792938585,0.0019692897330969,0.0023505755234509,0.0040075735887512565,0.0040075735887512565,0.0018502349604632314,0.002699259901419282,0.005315887276083231,0.0
helmholtz1d,helmholtz_rs_m12,m,12.0,fp64,2,2,0,"0,1",0.000833988761593,0.000833988761593,0.0002761661535990586,0.0006387098016489,0.0010292677215371,0.0018461482932128188,0.0018461482932128188,0.0011552435833027575,0.0010292677215371928,0.0026630288648884447,0.0
helmholtz1d,helmholtz_rs_m5,m,5.0,fp32,2,2,0,"0,1",0.0001501124716014,0.0001501124716014,8.957954567160455e-07,0.0001494790485594,0.0001507458946434,0.00015011247160146013,0.00015011247160146013,8.957954567414311e-07,0.00014947904855944216,0.0001507458946434781,0.0
helmholtz1d,helmholtz_rs_m5,m,5.0,fp64,2,2,0,"0,1",0.0004776219133083094,0.0004776219133083094,0.0005937532925527515,5.777493379241883e-05,0.0008974688928242,0.000667983277511922,0.000667983277511922,0.0008629649155613445,5.777493379241883e-05,0.0012781916212314252,0.0
helmholtz1d,helmholtz_rs_m6,m,6.0,fp32,2,2,0,"0,1",0.00026787861861518136,0.00026787861861518136,0.00026315672116490054,8.179871656466275e-05,0.0004539585206657,0.00045139119174564257,0.00045139119174564257,0.0005226826909519831,8.179871656466275e-05,0.0008209836669266224,0.0
helmholtz1d,helmholtz_rs_m6,m,6.0,fp64,2,2,0,"0,1",0.00050666160955625,0.00050666160955625,0.0003561268813355015,0.0002548418768011,0.0007584813423114,0.0012891407996901622,0.0012891407996901622,0.0007501224513463183,0.0007587241276229045,0.0018195574717574199,0.0
helmholtz1d,helmholtz_rs_m7,m,7.0,fp32,2,2,0,"0,1",0.00134821725077925,0.00134821725077925,0.00028185211033278324,0.0011489177122712,0.0015475167892873,0.0013482172507792711,0.0013482172507792711,0.000281852110332794,0.0011489177122712135,0.0015475167892873287,0.0
helmholtz1d,helmholtz_rs_m7,m,7.0,fp64,2,2,0,"0,1",0.0005143762736539,0.0005143762736539,0.00024629702037782305,0.0003402179803587,0.0006885345669491,0.0006123307090868591,0.0006123307090868591,0.00038461390610173576,0.00034036760794367576,0.0008842938102300425,0.0
helmholtz1d,helmholtz_rs_m8,m,8.0,fp32,2,2,0,"0,1",0.00253584620077155,0.00253584620077155,0.0016395010471810267,0.0013765438925474,0.0036951485089957,0.002900630235671997,0.002900630235671997,0.0011236185176877354,0.0021061119623482227,0.0036951485089957714,0.0
helmholtz1d,helmholtz_rs_m8,m,8.0,fp64,2,2,0,"0,1",0.0010388794492335,0.0010388794492335,9.433390856281752e-05,0.0009721753027929,0.0011055835956741,0.0013596944451696714,0.0013596944451696714,0.0005251574904844764,0.0009883520224571883,0.0017310368678821544,0.0
helmholtz1d,helmholtz_rs_m9,m,9.0,fp32,2,2,0,"0,1",0.0010594721825327,0.0010594721825327,0.0008308237436970809,0.0004719910793937,0.0016469532856717,0.0028019916207995266,0.0028019916207995266,0.002900544015409108,0.0007509972783736885,0.004852985963225365,0.0
helmholtz1d,helmholtz_rs_m9,m,9.0,fp64,2,2,0,"0,1",0.0009256147461689001,0.0009256147461689001,0.0005178832331146746,0.0005594160001707,0.0012918134921671,0.0009788113212761598,0.0009788113212761598,0.0004426519151262879,0.0006658091503851495,0.00129181349216717,0.0
helmholtz1d,more_points_soft,m,8.0,fp32,2,2,0,"0,1",0.00918896705843505,0.00918896705843505,0.008696655466539516,0.0030395030044019,0.0153384311124682,0.02442343975417316,0.02442343975417316,0.025052897093892485,0.006708366330713034,0.042138513177633286,0.0
helmholtz1d,more_points_soft,m,8.0,fp64,2,2,0,"0,1",0.0239497799993314,0.0239497799993314,0.02269309648158679,0.0079033375910808,0.039996222407582,0.025568583217407778,0.025568583217407778,0.024982429947403545,0.007903337591080846,0.04323382884373471,0.0
helmholtz1d,more_points_soft,m,9.0,fp32,2,2,1,"0,1",0.3216434005298651,0.3216434005298651,0.4525385681565869,0.0016503102378919,0.6416364908218384,2.8610792044200934,2.8610792044200934,4.043843122793971,0.001650310237891972,5.720508098602295,0.5
helmholtz1d,more_points_soft,m,9.0,fp64,2,2,1,"0,1",0.2982825821384338,0.2982825821384338,0.4171494975877303,0.0033133436255883,0.5932518206512792,1.7950882799297438,1.7950882799297438,2.4405565675070493,0.06935418117614517,3.5208223786833424,0.5
helmholtz1d,more_points_soft,m,10.0,fp32,2,2,2,"0,1",0.789873331785202,0.789873331785202,0.1205081658705312,0.7046611905097961,0.8750854730606079,0.9766508042812347,0.9766508042812347,0.07269374634668023,0.9252485632896423,1.0280530452728271,1.0
helmholtz1d,more_points_soft,m,10.0,fp64,2,2,2,"0,1",0.873874734936602,0.873874734936602,0.02192622697050711,0.858370551159921,0.8893789187132829,2.3535179581311034,2.3535179581311034,1.304825224541095,1.4308671935948358,3.2761687226673715,1.0
helmholtz1d,more_points_soft,m,11.0,fp32,2,2,2,"0,1",0.8238373398780823,0.8238373398780823,0.2217669387954699,0.6670244336128235,0.9806502461433412,5.717882513999939,5.717882513999939,2.95269373583268,3.6300127506256104,7.805752277374268,1.0
helmholtz1d,more_points_soft,m,11.0,fp64,2,2,2,"0,1",0.91782062059764,0.91782062059764,0.06691009912748017,0.8705080357747348,0.9651332054205454,6.009253845036772,6.009253845036772,2.944445743041067,3.9272162932965715,8.091291396776974,1.0
helmholtz1d,more_points_soft,m,12.0,fp32,2,2,2,"0,1",0.9936592876911163,0.9936592876911163,0.008954814462564083,0.98732727766037,0.9999912977218628,4.190805673599243,4.190805673599243,4.105283433472706,1.2879319190979004,7.093679428100586,1.0
helmholtz1d,more_points_soft,m,12.0,fp64,2,2,2,"0,1",0.8922953162148053,0.8922953162148053,0.14203831578757242,0.7918590599330966,0.992731572496514,4.057114564172863,4.057114564172863,1.192765144803233,3.213702241919543,4.900526886426184,1.0
helmholtz1d,resample_100_soft,m,8.0,fp32,2,2,1,"0,1",0.4842431533616037,0.4842431533616037,0.6804023710290124,0.0031260228715837,0.9653602838516236,0.579747675685212,0.579747675685212,0.8154661617670234,0.0031260228715837,1.1563693284988403,0.5
helmholtz1d,resample_100_soft,m,8.0,fp64,2,2,1,"0,1",0.3565394531813218,0.3565394531813218,0.5006606900058106,0.0025188842046772,0.7105600221579664,0.6055450705392256,0.6055450705392256,0.8512862137848193,0.0035948160413588827,1.2074953250370923,0.5
helmholtz1d,resample_100_soft,m,9.0,fp32,2,2,2,"0,1",0.8667227327823639,0.8667227327823639,0.13145673700190316,0.7737687826156616,0.9596766829490662,3.185108780860901,3.185108780860901,2.522865001853119,1.4011738300323486,4.969043731689453,1.0
helmholtz1d,resample_100_soft,m,9.0,fp64,2,2,1,"0,1",0.38569215246001504,0.38569215246001504,0.5062978465670548,0.0276855118523044,0.7436987930677257,2.078584237724485,2.078584237724485,2.89262072318586,0.03319250895902854,4.123975966489942,0.5
helmholtz1d,resample_100_soft,m,10.0,fp32,2,2,0,"0,1",0.038796855602413395,0.038796855602413395,0.046740804290654386,0.0057461159303784,0.0718475952744484,0.038796855602413416,0.038796855602413416,0.046740804290654366,0.005746115930378437,0.0718475952744484,0.0
helmholtz1d,resample_100_soft,m,10.0,fp64,2,2,1,"0,1",0.47243897769932747,0.47243897769932747,0.6249964707419573,0.0304997350200298,0.9143782203786252,0.5916964633921296,0.5916964633921296,0.7555969225218099,0.05740875563327138,1.1259841711509877,0.5
helmholtz1d,resample_100_soft,m,11.0,fp32,2,2,2,"0,1",0.6195481568574904,0.6195481568574904,0.4712305737227524,0.2863378226757049,0.952758491039276,0.8961133807897568,0.8961133807897568,0.8623528642885154,0.28633782267570496,1.5058889389038086,1.0
helmholtz1d,resample_100_soft,m,11.0,fp64,2,2,2,"0,1",0.9208200545496547,0.9208200545496547,0.051724810950197694,0.8842450899711777,0.9573950191281316,4.094275950690264,4.094275950690264,4.200884385433968,1.1238021147692228,7.064749786611305,1.0
helmholtz1d,resample_100_soft,m,12.0,fp32,2,2,2,"0,1",0.9421449601650238,0.9421449601650238,0.026458822117623522,0.9234357476234436,0.960854172706604,1.144071251153946,1.144071251153946,0.31202572143385326,0.9234357476234436,1.3647067546844482,1.0
helmholtz1d,resample_100_soft,m,12.0,fp64,2,2,2,"0,1",0.8905449009683568,0.8905449009683568,0.09559446821289155,0.8229494042510993,0.9581403976856142,2.8513034761385985,2.8513034761385985,2.0352537037738547,1.4121617807650688,4.290445171512128,1.0
helmholtz1d,resample_2k,m,8.0,fp32,2,2,1,"0,1",0.49979674903443083,0.49979674903443083,0.704164086988746,0.0018775480566546,0.997715950012207,0.5724304608302191,0.5724304608302191,0.8065135384466734,0.0021392686758190393,1.1427216529846191,0.5
helmholtz1d,resample_2k,m,8.0,fp64,2,2,2,"0,1",0.9655925334747055,0.9655925334747055,0.05449969480533393,0.9270554297052566,1.0041296372441544,1.2623247924495749,1.2623247924495749,0.17038736478124014,1.141842731384254,1.3828068535148959,1.0
helmholtz1d,resample_2k,m,9.0,fp32,2,2,2,"0,1",0.9101124703884125,0.9101124703884125,0.12669018131641216,0.8205289840698242,0.9996959567070008,0.9515724778175354,0.9515724778175354,0.18532348611876703,0.8205289840698242,1.0826159715652466,1.0
helmholtz1d,resample_2k,m,9.0,fp64,2,2,1,"0,1",0.5010675589562554,0.5010675589562554,0.705618939256818,0.0021196220741009,1.00001549583841,0.8123334201637342,0.8123334201637342,1.1458153416801757,0.00211962207410095,1.6225472182533676,0.5
helmholtz1d,resample_2k,m,10.0,fp32,2,2,2,"0,1",0.7145734429359436,0.7145734429359436,0.299062488796812,0.5031043291091919,0.9260425567626952,4.838680803775787,4.838680803775787,6.131431051179231,0.5031043291091919,9.174257278442383,1.0
helmholtz1d,resample_2k,m,10.0,fp64,2,2,2,"0,1",0.9841810144416369,0.9841810144416369,0.028508546524938602,0.9640224278720806,1.0043396010111931,3.8221366283815708,3.8221366283815708,3.8835605071401127,1.0760446586345296,6.568228598128612,1.0
helmholtz1d,resample_2k,m,11.0,fp32,2,2,2,"0,1",0.9998898804187775,0.9998898804187775,0.00019585640503012457,0.9997513890266418,1.000028371810913,1.0179917812347412,1.0179917812347412,0.024780998225253342,1.0004689693450928,1.0355145931243896,1.0
helmholtz1d,resample_2k,m,11.0,fp64,2,2,2,"0,1",0.9851772498985103,0.9851772498985103,0.02100520918447587,0.9703243240439255,1.0000301757530952,2.978214004485088,2.978214004485088,2.7966296004087385,1.0006982495690442,4.955729759401132,1.0
helmholtz1d,resample_2k,m,12.0,fp32,2,2,2,"0,1",1.000018835067749,1.000018835067749,4.6530120756027014e-05,0.999985933303833,1.000051736831665,1.00160813331604,1.00160813331604,0.0014675532651493301,1.0005704164505005,1.0026458501815796,1.0
helmholtz1d,resample_2k,m,12.0,fp64,2,2,2,"0,1",1.0023016171526695,1.0023016171526695,0.0031114572758228487,1.000101484613563,1.004501749691776,1.191519698187209,1.191519698187209,0.23533294392885762,1.0251141776985202,1.3579252186758979,1.0
helmholtz1d,resample_5k,m,8.0,fp32,2,2,1,"0,1",0.4196427436545491,0.4196427436545491,0.5703942096860575,0.0163131300359964,0.8229723572731018,1.2452786238864064,1.2452786238864064,1.7380196690917984,0.016313130035996437,2.4742441177368164,0.5
helmholtz1d,resample_5k,m,8.0,fp64,2,2,2,"0,1",0.8357008852020027,0.8357008852020027,0.0033570509816507116,0.8333270916880886,0.8380746787159169,1.5135352878004782,1.5135352878004782,0.598807213438057,1.0901146465550076,1.9369559290459486,1.0
helmholtz1d,resample_5k,m,9.0,fp32,2,2,2,"0,1",0.6637359857559204,0.6637359857559204,0.028617457257805984,0.6435003876686096,0.6839715838432312,2.6071403324604034,2.6071403324604034,2.7770062415421104,0.6435003876686096,4.570780277252197,1.0
helmholtz1d,resample_5k,m,9.0,fp64,2,2,2,"0,1",0.7737521724714718,0.7737521724714718,0.1957831146643355,0.6353126044504966,0.9121917404924468,3.6139973093076834,3.6139973093076834,0.7676672058050091,3.0711746223884324,4.156819996226934,1.0
helmholtz1d,resample_5k,m,10.0,fp32,2,2,2,"0,1",0.845535010099411,0.845535010099411,0.061806962495225236,0.8018308877944946,0.8892391324043274,1.467114120721817,1.467114120721817,0.6929224700544487,0.9771439433097839,1.95708429813385,1.0
helmholtz1d,resample_5k,m,10.0,fp64,2,2,1,"0,1",0.42695783875159615,0.42695783875159615,0.5526061974200435,0.0362062492301714,0.817709428273021,0.44075019788122183,0.44075019788122183,0.5331008560818065,0.06379096748942276,0.817709428273021,0.5
helmholtz1d,resample_5k,m,11.0,fp32,2,2,2,"0,1",0.8971443176269531,0.8971443176269531,0.0046761928422836925,0.8938377499580383,0.9004508852958679,1.4831555485725403,1.4831555485725403,0.054627794760425084,1.4445278644561768,1.5217832326889038,1.0
helmholtz1d,resample_5k,m,11.0,fp64,2,2,2,"0,1",0.8430182004375846,0.8430182004375846,0.11057257544630669,0.7648315825262401,0.9212048183489292,1.4371208979289198,1.4371208979289198,0.05271883761114623,1.3998430503578059,1.4743987455000336,1.0
helmholtz1d,resample_5k,m,12.0,fp32,2,2,2,"0,1",0.587784931063652,0.587784931063652,0.4824892192186191,0.2466135323047638,0.9289563298225404,0.6885562688112259,0.6885562688112259,0.6250014117597178,0.2466135323047638,1.130499005317688,1.0
helmholtz1d,resample_5k,m,12.0,fp64,2,2,2,"0,1",0.8840779469495255,0.8840779469495255,0.11288853550527092,0.80425369797553,0.9639021959235208,2.3551379370630032,2.3551379370630032,1.9663801956953737,0.9646971662958743,3.7455787078301324,1.0
helmholtz1d,resample_proven_128,m,8.0,fp32,2,2,0,"0,1",0.0027879893314093,0.0027879893314093,0.0007859313819733915,0.0022322519216686,0.00334372674115,0.002787989331409335,0.002787989331409335,0.0007859313819733725,0.0022322519216686487,0.0033437267411500216,0.0
helmholtz1d,resample_proven_128,m,8.0,fp64,2,2,1,"0,1",0.11544944453359139,0.11544944453359139,0.16174872214830757,0.0010758262542644,0.2298230628129184,0.11544955907526591,0.11544955907526591,0.1617488841346971,0.0010758262542644114,0.2298232918962674,0.5
helmholtz1d,resample_proven_128,m,10.0,fp32,2,2,0,"0,1",0.0029858662746846502,0.0029858662746846502,0.0014308282135726436,0.0019741179421544,0.0039976146072149,0.004022814566269517,0.004022814566269517,3.563812386624683e-05,0.003997614607214928,0.004048014525324106,0.0
helmholtz1d,resample_proven_128,m,10.0,fp64,2,2,0,"0,1",0.00151330790346355,0.00151330790346355,0.0004816928773792813,0.0011726996034194,0.0018539162035077,0.0015133079034635837,0.0015133079034635837,0.0004816928773792525,0.001172699603419454,0.0018539162035077132,0.0
helmholtz1d,resample_proven_128,m,12.0,fp32,3,3,0,"0,1",0.012365142504374134,0.0126883145421743,0.0064710980796929725,0.0057385135442018,0.0186685994267463,0.012365142504374186,0.01268831454217434,0.00647109807969298,0.005738513544201851,0.01866859942674637,0.0
helmholtz1d,resample_proven_128,m,12.0,fp64,3,3,0,"0,1",0.0024372867828569666,0.0030846842445477,0.001121325296339476,0.0011424918594755,0.0030846842445477,0.004115196158860946,0.003084684244547737,0.0027668939970904513,0.0020114377428269293,0.007249466489208173,0.0
helmholtz1d,resample_wide_256,m,8.0,fp32,3,3,2,"0,1",0.41278430082214373,0.2373065054416656,0.5212525538572559,0.0019152539316564,0.9991311430931092,0.41307658213190734,0.23730650544166565,0.5217457387050781,0.0019152539316564798,1.0000079870224,0.6666666666666666
helmholtz1d,resample_wide_256,m,8.0,fp64,3,3,2,"0,1",0.6785512102463374,0.9980026600753076,0.5542630687947698,0.0385436640733099,0.9991073065903948,1.0820655670566408,1.000008642639736,1.0851262767385195,0.04029717281655724,2.205890885713629,0.6666666666666666
helmholtz1d,resample_wide_256,m,10.0,fp32,2,2,1,"0,1",0.5307801514863968,0.5307801514863968,0.6633729141684,0.0617046654224395,0.999855637550354,0.5308544188737869,0.5308544188737869,0.6634779441148891,0.061704665422439575,1.0000041723251343,0.5
helmholtz1d,resample_wide_256,m,10.0,fp64,2,2,1,"0,1",0.5009812977420637,0.5009812977420637,0.7041537773108346,0.0030693868074505,0.998893208676677,0.5015362738993197,0.5015362738993197,0.7049386321192196,0.0030693868074505265,1.0000031609911888,0.5
helmholtz1d,resample_wide_256,m,12.0,fp32,2,2,2,"0,1",0.9995533227920532,0.9995533227920532,0.0001218043921964445,0.9994671940803528,0.9996394515037536,1.0000014305114746,1.0000014305114746,1.0115243642614567e-06,1.0000007152557373,1.000002145767212,1.0
helmholtz1d,resample_wide_256,m,12.0,fp64,2,2,2,"0,1",0.9996120072345835,0.9996120072345835,0.000499112331649934,0.9992590815203,0.999964932948867,1.0000015472544335,1.0000015472544335,9.842780145813981e-08,1.0000014776554678,1.0000016168533994,1.0
helmholtz1d,soft_lbfgs,m,8.0,fp32,2,2,1,"0,1",0.4143065933603793,0.4143065933603793,0.5779406658029335,0.0056408294476568,0.8229723572731018,1.2425589635968208,1.2425589635968208,1.7418658495583779,0.010873809456825256,2.4742441177368164,0.5
helmholtz1d,soft_lbfgs,m,8.0,fp64,2,2,2,"0,1",0.8357008852020027,0.8357008852020027,0.0033570509816507116,0.8333270916880886,0.8380746787159169,1.5135352878004782,1.5135352878004782,0.598807213438057,1.0901146465550076,1.9369559290459486,1.0
helmholtz1d,soft_lbfgs,m,9.0,fp32,2,2,0,"0,1",0.00805676868185395,0.00805676868185395,0.006633967297719918,0.0033658454194664,0.0127476919442415,0.00805676868185401,0.00805676868185401,0.006633967297719867,0.0033658454194664955,0.012747691944241524,0.0
helmholtz1d,soft_lbfgs,m,9.0,fp64,2,2,2,"0,1",0.7737521724714718,0.7737521724714718,0.1957831146643355,0.6353126044504966,0.9121917404924468,3.6139973093076834,3.6139973093076834,0.7676672058050091,3.0711746223884324,4.156819996226934,1.0
helmholtz1d,soft_lbfgs,m,10.0,fp32,2,2,1,"0,1",0.4684511683881282,0.4684511683881282,0.5950840455950707,0.0476632043719291,0.8892391324043274,0.5194831788539886,0.5194831788539886,0.6472300600594242,0.06182241439819336,0.9771439433097839,0.5
helmholtz1d,soft_lbfgs,m,10.0,fp64,2,2,0,"0,1",0.025462110616578302,0.025462110616578302,0.026849138120080565,0.0064769029828551,0.0444473182503015,0.03887708799488743,0.03887708799488743,0.007877495172747584,0.03330685773947332,0.04444731825030154,0.0
helmholtz1d,soft_lbfgs,m,11.0,fp32,2,2,2,"0,1",0.8971443176269531,0.8971443176269531,0.0046761928422836925,0.8938377499580383,0.9004508852958679,1.4831555485725403,1.4831555485725403,0.054627794760425084,1.4445278644561768,1.5217832326889038,1.0
helmholtz1d,soft_lbfgs,m,11.0,fp64,2,2,2,"0,1",0.8430182004375846,0.8430182004375846,0.11057257544630669,0.7648315825262401,0.9212048183489292,5.102517755315294,5.102517755315294,5.130935109584384,1.4743987455000336,8.730636765130553,1.0
helmholtz1d,soft_lbfgs,m,12.0,fp32,2,2,2,"0,1",0.9644711315631866,0.9644711315631866,0.05022551428661365,0.9289563298225404,0.999985933303833,1.9029625058174133,1.9029625058174133,1.0924283588449077,1.130499005317688,2.6754260063171387,1.0
helmholtz1d,soft_lbfgs,m,12.0,fp64,2,2,2,"0,1",0.884125422801223,0.884125422801223,0.11282139451191485,0.8043486496789253,0.9639021959235208,5.553851676956786,5.553851676956786,3.6918946510936514,2.943287933742122,8.16441542017145,1.0
helmholtz1d,softer_lbfgs,m,8.0,fp32,2,2,1,"0,1",0.4168632044456899,0.4168632044456899,0.5743250717323739,0.010754051618278,0.8229723572731018,1.2424990846775472,1.2424990846775472,1.741950531138115,0.010754051618278027,2.4742441177368164,0.5
helmholtz1d,softer_lbfgs,m,8.0,fp64,2,2,2,"0,1",0.8357008852020027,0.8357008852020027,0.0033570509816507116,0.8333270916880886,0.8380746787159169,1.5133343338671517,1.5133343338671517,0.5985230216601344,1.0901146465550076,1.9365540211792955,1.0
helmholtz1d,softer_lbfgs,m,9.0,fp32,2,2,0,"0,1",0.018840676173567703,0.018840676173567703,0.003847045794062952,0.0161204040050506,0.0215609483420848,0.02160931285470724,0.02160931285470724,6.839774968810119e-05,0.021560948342084885,0.021657677367329597,0.0
helmholtz1d,softer_lbfgs,m,9.0,fp64,2,2,1,"0,1",0.3321231518911039,0.3321231518911039,0.42877463577796726,0.0289336993317112,0.6353126044504966,2.105842733682293,2.105842733682293,2.9005198608094758,0.054865471137651764,4.156819996226934,0.5
helmholtz1d,softer_lbfgs,m,10.0,fp32,2,2,2,"0,1",0.845535010099411,0.845535010099411,0.061806962495225236,0.8018308877944946,0.8892391324043274,1.564326286315918,1.564326286315918,0.8286502000970518,0.9783821105957031,2.150270462036133,1.0
helmholtz1d,softer_lbfgs,m,10.0,fp64,2,2,0,"0,1",0.07365927038022299,0.07365927038022299,0.02817192250457488,0.0537387129381762,0.0935798278222698,0.16715665346891279,0.16715665346891279,0.10405334470584304,0.09357982782226983,0.24073347911555573,0.0
helmholtz1d,softer_lbfgs,m,11.0,fp32,2,2,2,"0,1",0.8971443176269531,0.8971443176269531,0.0046761928422836925,0.8938377499580383,0.9004508852958679,1.4832175374031067,1.4832175374031067,0.05454012931552242,1.4446518421173096,1.5217832326889038,1.0
helmholtz1d,softer_lbfgs,m,11.0,fp64,2,2,2,"0,1",0.8430182004375846,0.8430182004375846,0.11057257544630669,0.7648315825262401,0.9212048183489292,2.114101317622786,2.114101317622786,0.9040932531858906,1.4748108474700368,2.7533917877755356,1.0
helmholtz1d,softer_lbfgs,m,12.0,fp32,2,2,2,"0,1",0.9644711315631866,0.9644711315631866,0.05022551428661365,0.9289563298225404,0.999985933303833,1.1970441341400146,1.1970441341400146,0.09444350108018157,1.1302624940872192,1.26382577419281,1.0
helmholtz1d,softer_lbfgs,m,12.0,fp64,2,2,2,"0,1",0.8841473372247735,0.8841473372247735,0.11279040283691828,0.8043924785260261,0.9639021959235208,3.327086099447701,3.327086099447701,2.4976366151653546,1.5609903119244637,5.093181886970939,1.0
helmholtz1d,width128_adam1e4_lbfgs05_steps1000_inner10_resample250,m,12.0,fp32,1,1,0,0,0.0882605835795402,0.0882605835795402,,0.0882605835795402,0.0882605835795402,0.08826058357954025,0.08826058357954025,,0.08826058357954025,0.08826058357954025,0.0
helmholtz1d,width128_adam1e4_lbfgs05_steps1000_inner10_resample250,m,12.0,fp64,1,1,0,0,0.0024585988389089,0.0024585988389089,,0.0024585988389089,0.0024585988389089,0.002975599025482136,0.002975599025482136,,0.002975599025482136,0.002975599025482136,0.0
helmholtz1d,width128_adam1e4_lbfgs1_steps1000_inner10_resample250,m,12.0,fp32,1,1,0,0,0.0136220986023545,0.0136220986023545,,0.0136220986023545,0.0136220986023545,0.013622098602354527,0.013622098602354527,,0.013622098602354527,0.013622098602354527,0.0
helmholtz1d,width128_adam1e4_lbfgs1_steps1000_inner10_resample250,m,12.0,fp64,1,1,0,0,0.0003458913456201,0.0003458913456201,,0.0003458913456201,0.0003458913456201,0.0006440133369841172,0.0006440133369841172,,0.0006440133369841172,0.0006440133369841172,0.0
helmholtz1d,width128_adam2e4_lbfgs05_steps1000_inner10_resample250,m,12.0,fp32,1,1,0,0,0.0449693091213703,0.0449693091213703,,0.0449693091213703,0.0449693091213703,0.044969309121370316,0.044969309121370316,,0.044969309121370316,0.044969309121370316,0.0
helmholtz1d,width128_adam2e4_lbfgs05_steps1000_inner10_resample250,m,12.0,fp64,1,1,0,0,0.0074743191822439,0.0074743191822439,,0.0074743191822439,0.0074743191822439,0.0074743191822439084,0.0074743191822439084,,0.0074743191822439084,0.0074743191822439084,0.0
helmholtz1d,width128_adam2e4_lbfgs1_steps1000_inner10_resample250,m,12.0,fp32,1,1,0,0,0.0560470409691333,0.0560470409691333,,0.0560470409691333,0.0560470409691333,0.05604704096913338,0.05604704096913338,,0.05604704096913338,0.05604704096913338,0.0
helmholtz1d,width128_adam2e4_lbfgs1_steps1000_inner10_resample250,m,12.0,fp64,1,1,0,0,0.0056520248669627,0.0056520248669627,,0.0056520248669627,0.0056520248669627,0.005673287416293913,0.005673287416293913,,0.005673287416293913,0.005673287416293913,0.0
helmholtz1d,width128_adam5e4_lbfgs05_steps1000_inner10_resample250,m,12.0,fp32,1,1,0,0,0.0041363453492522,0.0041363453492522,,0.0041363453492522,0.0041363453492522,0.004136345349252224,0.004136345349252224,,0.004136345349252224,0.004136345349252224,0.0
helmholtz1d,width128_adam5e4_lbfgs05_steps1000_inner10_resample250,m,12.0,fp64,1,1,0,0,0.0001698858408164,0.0001698858408164,,0.0001698858408164,0.0001698858408164,0.0004848110103655996,0.0004848110103655996,,0.0004848110103655996,0.0004848110103655996,0.0
helmholtz1d,width128_adam5e4_lbfgs1_steps1000_inner10_resample250,m,12.0,fp32,1,1,0,0,0.0192516539245843,0.0192516539245843,,0.0192516539245843,0.0192516539245843,0.01925165392458439,0.01925165392458439,,0.01925165392458439,0.01925165392458439,0.0
helmholtz1d,width128_adam5e4_lbfgs1_steps1000_inner10_resample250,m,12.0,fp64,1,1,0,0,0.001540316022811,0.001540316022811,,0.001540316022811,0.001540316022811,0.0022187468437881723,0.0022187468437881723,,0.0022187468437881723,0.0022187468437881723,0.0
helmholtz1d,width192_adam1e4_lbfgs05_steps1000_inner10_resample250,m,10.0,fp32,1,1,0,0,0.0020273081026971,0.0020273081026971,,0.0020273081026971,0.0020273081026971,0.002027308102697134,0.002027308102697134,,0.002027308102697134,0.002027308102697134,0.0
helmholtz1d,width192_adam1e4_lbfgs05_steps1000_inner10_resample250,m,10.0,fp64,1,1,0,0,0.0031373256013443,0.0031373256013443,,0.0031373256013443,0.0031373256013443,0.0031373256013443544,0.0031373256013443544,,0.0031373256013443544,0.0031373256013443544,0.0
helmholtz1d,width192_adam1e4_lbfgs1_steps1000_inner10_resample250,m,10.0,fp32,1,1,0,0,0.0042583378963172,0.0042583378963172,,0.0042583378963172,0.0042583378963172,0.004258337896317244,0.004258337896317244,,0.004258337896317244,0.004258337896317244,0.0
helmholtz1d,width192_adam1e4_lbfgs1_steps1000_inner10_resample250,m,10.0,fp64,1,1,0,0,0.0017293850808818,0.0017293850808818,,0.0017293850808818,0.0017293850808818,0.004537399129942517,0.004537399129942517,,0.004537399129942517,0.004537399129942517,0.0
helmholtz1d,width192_adam2e4_lbfgs05_steps1000_inner10_resample250,m,10.0,fp32,1,1,0,0,0.000743078882806,0.000743078882806,,0.000743078882806,0.000743078882806,0.0020944373682141304,0.0020944373682141304,,0.0020944373682141304,0.0020944373682141304,0.0
helmholtz1d,width192_adam2e4_lbfgs05_steps1000_inner10_resample250,m,10.0,fp64,1,1,0,0,0.0017108366338082,0.0017108366338082,,0.0017108366338082,0.0017108366338082,0.0017108366338082774,0.0017108366338082774,,0.0017108366338082774,0.0017108366338082774,0.0
helmholtz1d,width192_adam2e4_lbfgs1_steps1000_inner10_resample250,m,10.0,fp32,1,1,0,0,0.0010800919262692,0.0010800919262692,,0.0010800919262692,0.0010800919262692,0.0010800919262692332,0.0010800919262692332,,0.0010800919262692332,0.0010800919262692332,0.0
helmholtz1d,width192_adam2e4_lbfgs1_steps1000_inner10_resample250,m,10.0,fp64,1,1,0,0,0.0004881865048243,0.0004881865048243,,0.0004881865048243,0.0004881865048243,0.0008971112197284567,0.0008971112197284567,,0.0008971112197284567,0.0008971112197284567,0.0
helmholtz1d,width192_adam5e4_lbfgs05_steps1000_inner10_resample250,m,10.0,fp32,1,1,0,0,0.0034369314089417,0.0034369314089417,,0.0034369314089417,0.0034369314089417,0.0034369314089417458,0.0034369314089417458,,0.0034369314089417458,0.0034369314089417458,0.0
helmholtz1d,width192_adam5e4_lbfgs05_steps1000_inner10_resample250,m,10.0,fp64,1,1,0,0,0.0025258841433677,0.0025258841433677,,0.0025258841433677,0.0025258841433677,0.010362561781447194,0.010362561781447194,,0.010362561781447194,0.010362561781447194,0.0
helmholtz1d,width192_adam5e4_lbfgs1_steps1000_inner10_resample250,m,10.0,fp32,1,1,0,0,0.0035879830829799,0.0035879830829799,,0.0035879830829799,0.0035879830829799,0.0035879830829799175,0.0035879830829799175,,0.0035879830829799175,0.0035879830829799175,0.0
helmholtz1d,width192_adam5e4_lbfgs1_steps1000_inner10_resample250,m,10.0,fp64,1,1,0,0,0.0004545846478039,0.0004545846478039,,0.0004545846478039,0.0004545846478039,0.00045458464780399866,0.00045458464780399866,,0.00045458464780399866,0.00045458464780399866,0.0
